{
  "id": "00000000",
  "color": "000000",
  "image": "Ground_1024.png",
  "value": 1,
  "children": [
  {
    "id": "012A3832",
    "color": "2A3832",
    "image": "Ground_1024_cl_1_012A3832.png",
    "value": 0.147336,
    "children": [
    {
      "id": "02293632",
      "color": "293632",
      "image": "Ground_1024_cl_2_02293632.png",
      "value": 0.885423,
      "children": [
      {
        "id": "03222C2E",
        "color": "222C2E",
        "image": "Ground_1024_cl_3_03222C2E.png",
        "value": 0.328596,
        "children": [
        {
          "id": "0420292A",
          "color": "20292A",
          "image": "Ground_1024_cl_4_0420292A.png",
          "value": 0.777349
        },
        {
          "id": "04323734",
          "color": "323734",
          "image": "Ground_1024_cl_4_04323734.png",
          "value": 0.222651
        }
        ]
      },
      {
        "id": "032B3533",
        "color": "2B3533",
        "image": "Ground_1024_cl_3_032B3533.png",
        "value": 0.362399,
        "children": [
        {
          "id": "0420292A",
          "color": "20292A",
          "image": "Ground_1024_cl_4_0420292A.png",
          "value": 0.477353
        },
        {
          "id": "04284923",
          "color": "284923",
          "image": "Ground_1024_cl_4_04284923.png",
          "value": 0.0209521
        },
        {
          "id": "04293224",
          "color": "293224",
          "image": "Ground_1024_cl_4_04293224.png",
          "value": 0.18397
        },
        {
          "id": "04323734",
          "color": "323734",
          "image": "Ground_1024_cl_4_04323734.png",
          "value": 0.206052
        },
        {
          "id": "04454734",
          "color": "454734",
          "image": "Ground_1024_cl_4_04454734.png",
          "value": 0.0319527
        },
        {
          "id": "04605D48",
          "color": "605D48",
          "image": "Ground_1024_cl_4_04605D48.png",
          "value": 0.013206
        },
        {
          "id": "04606A6C",
          "color": "606A6C",
          "image": "Ground_1024_cl_4_04606A6C.png",
          "value": 0.0665143
        }
        ]
      },
      {
        "id": "03353C2F",
        "color": "353C2F",
        "image": "Ground_1024_cl_3_03353C2F.png",
        "value": 0.196337,
        "children": [
        {
          "id": "0420292A",
          "color": "20292A",
          "image": "Ground_1024_cl_4_0420292A.png",
          "value": 0.0496947
        },
        {
          "id": "04284923",
          "color": "284923",
          "image": "Ground_1024_cl_4_04284923.png",
          "value": 0.0811696
        },
        {
          "id": "04293224",
          "color": "293224",
          "image": "Ground_1024_cl_4_04293224.png",
          "value": 0.245991
        },
        {
          "id": "04323734",
          "color": "323734",
          "image": "Ground_1024_cl_4_04323734.png",
          "value": 0.399295
        },
        {
          "id": "04454734",
          "color": "454734",
          "image": "Ground_1024_cl_4_04454734.png",
          "value": 0.0535174
        },
        {
          "id": "04605D48",
          "color": "605D48",
          "image": "Ground_1024_cl_4_04605D48.png",
          "value": 0.13985
        },
        {
          "id": "04606A6C",
          "color": "606A6C",
          "image": "Ground_1024_cl_4_04606A6C.png",
          "value": 0.0304821
        }
        ]
      },
      {
        "id": "03414B2E",
        "color": "414B2E",
        "image": "Ground_1024_cl_3_03414B2E.png",
        "value": 0.0735423,
        "children": [
        {
          "id": "0420292A",
          "color": "20292A",
          "image": "Ground_1024_cl_4_0420292A.png",
          "value": 0.0406892
        },
        {
          "id": "04284923",
          "color": "284923",
          "image": "Ground_1024_cl_4_04284923.png",
          "value": 0.669715
        },
        {
          "id": "04293224",
          "color": "293224",
          "image": "Ground_1024_cl_4_04293224.png",
          "value": 0.289596
        }
        ]
      },
      {
        "id": "034D4E42",
        "color": "4D4E42",
        "image": "Ground_1024_cl_3_034D4E42.png",
        "value": 0.0224282,
        "children": [
        {
          "id": "04323734",
          "color": "323734",
          "image": "Ground_1024_cl_4_04323734.png",
          "value": 0.442851
        },
        {
          "id": "04454734",
          "color": "454734",
          "image": "Ground_1024_cl_4_04454734.png",
          "value": 0.349848
        },
        {
          "id": "04605D48",
          "color": "605D48",
          "image": "Ground_1024_cl_4_04605D48.png",
          "value": 0.207301
        }
        ]
      },
      {
        "id": "0372736E",
        "color": "72736E",
        "image": "Ground_1024_cl_3_0372736E.png",
        "value": 0.0166969,
        "children": [
        {
          "id": "04606A6C",
          "color": "606A6C",
          "image": "Ground_1024_cl_4_04606A6C.png",
          "value": 1
        }
        ]
      }
      ]
    },
    {
      "id": "02414836",
      "color": "414836",
      "image": "Ground_1024_cl_2_02414836.png",
      "value": 0.114577,
      "children": [
      {
        "id": "03353C2F",
        "color": "353C2F",
        "image": "Ground_1024_cl_3_03353C2F.png",
        "value": 0.430099,
        "children": [
        {
          "id": "0420292A",
          "color": "20292A",
          "image": "Ground_1024_cl_4_0420292A.png",
          "value": 0.178809
        },
        {
          "id": "04284923",
          "color": "284923",
          "image": "Ground_1024_cl_4_04284923.png",
          "value": 0.370053
        },
        {
          "id": "04293224",
          "color": "293224",
          "image": "Ground_1024_cl_4_04293224.png",
          "value": 0.258319
        },
        {
          "id": "04454734",
          "color": "454734",
          "image": "Ground_1024_cl_4_04454734.png",
          "value": 0.19282
        }
        ]
      },
      {
        "id": "03414B2E",
        "color": "414B2E",
        "image": "Ground_1024_cl_3_03414B2E.png",
        "value": 0.569901,
        "children": [
        {
          "id": "04284923",
          "color": "284923",
          "image": "Ground_1024_cl_4_04284923.png",
          "value": 0.24544
        },
        {
          "id": "04454734",
          "color": "454734",
          "image": "Ground_1024_cl_4_04454734.png",
          "value": 0.705128
        },
        {
          "id": "04606A6C",
          "color": "606A6C",
          "image": "Ground_1024_cl_4_04606A6C.png",
          "value": 0.0494317
        }
        ]
      }
      ]
    }
    ]
  },
  {
    "id": "015A5E48",
    "color": "5A5E48",
    "image": "Ground_1024_cl_1_015A5E48.png",
    "value": 0.452014,
    "children": [
    {
      "id": "02293632",
      "color": "293632",
      "image": "Ground_1024_cl_2_02293632.png",
      "value": 0.0162879,
      "children": [
      {
        "id": "03222C2E",
        "color": "222C2E",
        "image": "Ground_1024_cl_3_03222C2E.png",
        "value": 0.0982729,
        "children": [
        {
          "id": "0420292A",
          "color": "20292A",
          "image": "Ground_1024_cl_4_0420292A.png",
          "value": 1
        }
        ]
      },
      {
        "id": "032B3533",
        "color": "2B3533",
        "image": "Ground_1024_cl_3_032B3533.png",
        "value": 0.678756,
        "children": [
        {
          "id": "0420292A",
          "color": "20292A",
          "image": "Ground_1024_cl_4_0420292A.png",
          "value": 0.396947
        },
        {
          "id": "04323734",
          "color": "323734",
          "image": "Ground_1024_cl_4_04323734.png",
          "value": 0.493893
        },
        {
          "id": "04605D48",
          "color": "605D48",
          "image": "Ground_1024_cl_4_04605D48.png",
          "value": 0.0419847
        },
        {
          "id": "0487826B",
          "color": "87826B",
          "image": "Ground_1024_cl_4_0487826B.png",
          "value": 0.0671756
        }
        ]
      },
      {
        "id": "03353C2F",
        "color": "353C2F",
        "image": "Ground_1024_cl_3_03353C2F.png",
        "value": 0.222971,
        "children": [
        {
          "id": "04293224",
          "color": "293224",
          "image": "Ground_1024_cl_4_04293224.png",
          "value": 1
        }
        ]
      }
      ]
    },
    {
      "id": "02414836",
      "color": "414836",
      "image": "Ground_1024_cl_2_02414836.png",
      "value": 0.329086,
      "children": [
      {
        "id": "03222C2E",
        "color": "222C2E",
        "image": "Ground_1024_cl_3_03222C2E.png",
        "value": 0.00900131,
        "children": [
        {
          "id": "0420292A",
          "color": "20292A",
          "image": "Ground_1024_cl_4_0420292A.png",
          "value": 1
        }
        ]
      },
      {
        "id": "032B3533",
        "color": "2B3533",
        "image": "Ground_1024_cl_3_032B3533.png",
        "value": 0.100647,
        "children": [
        {
          "id": "0420292A",
          "color": "20292A",
          "image": "Ground_1024_cl_4_0420292A.png",
          "value": 0.160523
        },
        {
          "id": "04284923",
          "color": "284923",
          "image": "Ground_1024_cl_4_04284923.png",
          "value": 0.0280279
        },
        {
          "id": "04323734",
          "color": "323734",
          "image": "Ground_1024_cl_4_04323734.png",
          "value": 0.791235
        },
        {
          "id": "04B0AEA3",
          "color": "B0AEA3",
          "image": "Ground_1024_cl_4_04B0AEA3.png",
          "value": 0.020214
        }
        ]
      },
      {
        "id": "03353C2F",
        "color": "353C2F",
        "image": "Ground_1024_cl_3_03353C2F.png",
        "value": 0.280374,
        "children": [
        {
          "id": "0420292A",
          "color": "20292A",
          "image": "Ground_1024_cl_4_0420292A.png",
          "value": 0.0396658
        },
        {
          "id": "04293224",
          "color": "293224",
          "image": "Ground_1024_cl_4_04293224.png",
          "value": 0.125888
        },
        {
          "id": "04323734",
          "color": "323734",
          "image": "Ground_1024_cl_4_04323734.png",
          "value": 0.419738
        },
        {
          "id": "04454734",
          "color": "454734",
          "image": "Ground_1024_cl_4_04454734.png",
          "value": 0.301564
        },
        {
          "id": "04605D48",
          "color": "605D48",
          "image": "Ground_1024_cl_4_04605D48.png",
          "value": 0.0266776
        },
        {
          "id": "04676C3E",
          "color": "676C3E",
          "image": "Ground_1024_cl_4_04676C3E.png",
          "value": 0.0813439
        },
        {
          "id": "0487826B",
          "color": "87826B",
          "image": "Ground_1024_cl_4_0487826B.png",
          "value": 0.00512211
        }
        ]
      },
      {
        "id": "03414B2E",
        "color": "414B2E",
        "image": "Ground_1024_cl_3_03414B2E.png",
        "value": 0.287025,
        "children": [
        {
          "id": "04284923",
          "color": "284923",
          "image": "Ground_1024_cl_4_04284923.png",
          "value": 0.0776424
        },
        {
          "id": "04293224",
          "color": "293224",
          "image": "Ground_1024_cl_4_04293224.png",
          "value": 0.154123
        },
        {
          "id": "04323734",
          "color": "323734",
          "image": "Ground_1024_cl_4_04323734.png",
          "value": 0.037079
        },
        {
          "id": "04454734",
          "color": "454734",
          "image": "Ground_1024_cl_4_04454734.png",
          "value": 0.461804
        },
        {
          "id": "04605D48",
          "color": "605D48",
          "image": "Ground_1024_cl_4_04605D48.png",
          "value": 0.0186735
        },
        {
          "id": "04606A6C",
          "color": "606A6C",
          "image": "Ground_1024_cl_4_04606A6C.png",
          "value": 0.0156357
        },
        {
          "id": "04676C3E",
          "color": "676C3E",
          "image": "Ground_1024_cl_4_04676C3E.png",
          "value": 0.217977
        },
        {
          "id": "046A8336",
          "color": "6A8336",
          "image": "Ground_1024_cl_4_046A8336.png",
          "value": 0.0127468
        },
        {
          "id": "0487826B",
          "color": "87826B",
          "image": "Ground_1024_cl_4_0487826B.png",
          "value": 0.00431843
        }
        ]
      },
      {
        "id": "034D4E42",
        "color": "4D4E42",
        "image": "Ground_1024_cl_3_034D4E42.png",
        "value": 0.151655,
        "children": [
        {
          "id": "0420292A",
          "color": "20292A",
          "image": "Ground_1024_cl_4_0420292A.png",
          "value": 0.152472
        },
        {
          "id": "04323734",
          "color": "323734",
          "image": "Ground_1024_cl_4_04323734.png",
          "value": 0.0879319
        },
        {
          "id": "04454734",
          "color": "454734",
          "image": "Ground_1024_cl_4_04454734.png",
          "value": 0.456457
        },
        {
          "id": "04605D48",
          "color": "605D48",
          "image": "Ground_1024_cl_4_04605D48.png",
          "value": 0.146722
        },
        {
          "id": "04606A6C",
          "color": "606A6C",
          "image": "Ground_1024_cl_4_04606A6C.png",
          "value": 0.084099
        },
        {
          "id": "04676C3E",
          "color": "676C3E",
          "image": "Ground_1024_cl_4_04676C3E.png",
          "value": 0.0723184
        }
        ]
      },
      {
        "id": "0361614A",
        "color": "61614A",
        "image": "Ground_1024_cl_3_0361614A.png",
        "value": 0.139431,
        "children": [
        {
          "id": "04454734",
          "color": "454734",
          "image": "Ground_1024_cl_4_04454734.png",
          "value": 0.267979
        },
        {
          "id": "04605D48",
          "color": "605D48",
          "image": "Ground_1024_cl_4_04605D48.png",
          "value": 0.547851
        },
        {
          "id": "046A8336",
          "color": "6A8336",
          "image": "Ground_1024_cl_4_046A8336.png",
          "value": 0.0215805
        },
        {
          "id": "0487826B",
          "color": "87826B",
          "image": "Ground_1024_cl_4_0487826B.png",
          "value": 0.0574459
        },
        {
          "id": "04A49E79",
          "color": "A49E79",
          "image": "Ground_1024_cl_4_04A49E79.png",
          "value": 0.0446938
        },
        {
          "id": "04B0AEA3",
          "color": "B0AEA3",
          "image": "Ground_1024_cl_4_04B0AEA3.png",
          "value": 0.06045
        }
        ]
      },
      {
        "id": "03616C3A",
        "color": "616C3A",
        "image": "Ground_1024_cl_3_03616C3A.png",
        "value": 0.0215501,
        "children": [
        {
          "id": "04676C3E",
          "color": "676C3E",
          "image": "Ground_1024_cl_4_04676C3E.png",
          "value": 0.199921
        },
        {
          "id": "046A8336",
          "color": "6A8336",
          "image": "Ground_1024_cl_4_046A8336.png",
          "value": 0.800079
        }
        ]
      },
      {
        "id": "0372736E",
        "color": "72736E",
        "image": "Ground_1024_cl_3_0372736E.png",
        "value": 0.0103177,
        "children": [
        {
          "id": "04606A6C",
          "color": "606A6C",
          "image": "Ground_1024_cl_4_04606A6C.png",
          "value": 0.630489
        },
        {
          "id": "0487826B",
          "color": "87826B",
          "image": "Ground_1024_cl_4_0487826B.png",
          "value": 0.369511
        }
        ]
      }
      ]
    },
    {
      "id": "025F604C",
      "color": "5F604C",
      "image": "Ground_1024_cl_2_025F604C.png",
      "value": 0.449665,
      "children": [
      {
        "id": "032B3533",
        "color": "2B3533",
        "image": "Ground_1024_cl_3_032B3533.png",
        "value": 0.0210202,
        "children": [
        {
          "id": "04323734",
          "color": "323734",
          "image": "Ground_1024_cl_4_04323734.png",
          "value": 0.766964
        },
        {
          "id": "04606A6C",
          "color": "606A6C",
          "image": "Ground_1024_cl_4_04606A6C.png",
          "value": 0.233036
        }
        ]
      },
      {
        "id": "03353C2F",
        "color": "353C2F",
        "image": "Ground_1024_cl_3_03353C2F.png",
        "value": 0.0502296,
        "children": [
        {
          "id": "04293224",
          "color": "293224",
          "image": "Ground_1024_cl_4_04293224.png",
          "value": 0.200274
        },
        {
          "id": "04323734",
          "color": "323734",
          "image": "Ground_1024_cl_4_04323734.png",
          "value": 0.367543
        },
        {
          "id": "04454734",
          "color": "454734",
          "image": "Ground_1024_cl_4_04454734.png",
          "value": 0.298543
        },
        {
          "id": "04605D48",
          "color": "605D48",
          "image": "Ground_1024_cl_4_04605D48.png",
          "value": 0.0728609
        },
        {
          "id": "04606A6C",
          "color": "606A6C",
          "image": "Ground_1024_cl_4_04606A6C.png",
          "value": 0.0607797
        }
        ]
      },
      {
        "id": "03414B2E",
        "color": "414B2E",
        "image": "Ground_1024_cl_3_03414B2E.png",
        "value": 0.052732,
        "children": [
        {
          "id": "04293224",
          "color": "293224",
          "image": "Ground_1024_cl_4_04293224.png",
          "value": 0.259936
        },
        {
          "id": "04323734",
          "color": "323734",
          "image": "Ground_1024_cl_4_04323734.png",
          "value": 0.0718947
        },
        {
          "id": "04454734",
          "color": "454734",
          "image": "Ground_1024_cl_4_04454734.png",
          "value": 0.449164
        },
        {
          "id": "04676C3E",
          "color": "676C3E",
          "image": "Ground_1024_cl_4_04676C3E.png",
          "value": 0.219006
        }
        ]
      },
      {
        "id": "034D4E42",
        "color": "4D4E42",
        "image": "Ground_1024_cl_3_034D4E42.png",
        "value": 0.214713,
        "children": [
        {
          "id": "0420292A",
          "color": "20292A",
          "image": "Ground_1024_cl_4_0420292A.png",
          "value": 0.013432
        },
        {
          "id": "04293224",
          "color": "293224",
          "image": "Ground_1024_cl_4_04293224.png",
          "value": 0.0114216
        },
        {
          "id": "04323734",
          "color": "323734",
          "image": "Ground_1024_cl_4_04323734.png",
          "value": 0.236998
        },
        {
          "id": "04454734",
          "color": "454734",
          "image": "Ground_1024_cl_4_04454734.png",
          "value": 0.472364
        },
        {
          "id": "04605D48",
          "color": "605D48",
          "image": "Ground_1024_cl_4_04605D48.png",
          "value": 0.146412
        },
        {
          "id": "04606A6C",
          "color": "606A6C",
          "image": "Ground_1024_cl_4_04606A6C.png",
          "value": 0.046473
        },
        {
          "id": "046A8336",
          "color": "6A8336",
          "image": "Ground_1024_cl_4_046A8336.png",
          "value": 0.00719676
        },
        {
          "id": "0487826B",
          "color": "87826B",
          "image": "Ground_1024_cl_4_0487826B.png",
          "value": 0.0576032
        },
        {
          "id": "04B0AEA3",
          "color": "B0AEA3",
          "image": "Ground_1024_cl_4_04B0AEA3.png",
          "value": 0.0081
        }
        ]
      },
      {
        "id": "0361614A",
        "color": "61614A",
        "image": "Ground_1024_cl_3_0361614A.png",
        "value": 0.42601,
        "children": [
        {
          "id": "04284923",
          "color": "284923",
          "image": "Ground_1024_cl_4_04284923.png",
          "value": 0.00978031
        },
        {
          "id": "04323734",
          "color": "323734",
          "image": "Ground_1024_cl_4_04323734.png",
          "value": 0.0502966
        },
        {
          "id": "04454734",
          "color": "454734",
          "image": "Ground_1024_cl_4_04454734.png",
          "value": 0.158967
        },
        {
          "id": "04605D48",
          "color": "605D48",
          "image": "Ground_1024_cl_4_04605D48.png",
          "value": 0.51724
        },
        {
          "id": "04606A6C",
          "color": "606A6C",
          "image": "Ground_1024_cl_4_04606A6C.png",
          "value": 0.0218074
        },
        {
          "id": "04676C3E",
          "color": "676C3E",
          "image": "Ground_1024_cl_4_04676C3E.png",
          "value": 0.079711
        },
        {
          "id": "046A8336",
          "color": "6A8336",
          "image": "Ground_1024_cl_4_046A8336.png",
          "value": 0.00352444
        },
        {
          "id": "0487826B",
          "color": "87826B",
          "image": "Ground_1024_cl_4_0487826B.png",
          "value": 0.125793
        },
        {
          "id": "049CAB5F",
          "color": "9CAB5F",
          "image": "Ground_1024_cl_4_049CAB5F.png",
          "value": 0.00826774
        },
        {
          "id": "04A49E79",
          "color": "A49E79",
          "image": "Ground_1024_cl_4_04A49E79.png",
          "value": 0.0140831
        },
        {
          "id": "04B0AEA3",
          "color": "B0AEA3",
          "image": "Ground_1024_cl_4_04B0AEA3.png",
          "value": 0.0105293
        }
        ]
      },
      {
        "id": "03616C3A",
        "color": "616C3A",
        "image": "Ground_1024_cl_3_03616C3A.png",
        "value": 0.0107353,
        "children": [
        {
          "id": "04454734",
          "color": "454734",
          "image": "Ground_1024_cl_4_04454734.png",
          "value": 0.317599
        },
        {
          "id": "04676C3E",
          "color": "676C3E",
          "image": "Ground_1024_cl_4_04676C3E.png",
          "value": 0.486597
        },
        {
          "id": "046A8336",
          "color": "6A8336",
          "image": "Ground_1024_cl_4_046A8336.png",
          "value": 0.195804
        }
        ]
      },
      {
        "id": "0370863B",
        "color": "70863B",
        "image": "Ground_1024_cl_3_0370863B.png",
        "value": 0.0146516,
        "children": [
        {
          "id": "04676C3E",
          "color": "676C3E",
          "image": "Ground_1024_cl_4_04676C3E.png",
          "value": 0.595645
        },
        {
          "id": "0487826B",
          "color": "87826B",
          "image": "Ground_1024_cl_4_0487826B.png",
          "value": 0.174637
        },
        {
          "id": "049CAB5F",
          "color": "9CAB5F",
          "image": "Ground_1024_cl_4_049CAB5F.png",
          "value": 0.229718
        }
        ]
      },
      {
        "id": "0372736E",
        "color": "72736E",
        "image": "Ground_1024_cl_3_0372736E.png",
        "value": 0.123882,
        "children": [
        {
          "id": "04293224",
          "color": "293224",
          "image": "Ground_1024_cl_4_04293224.png",
          "value": 0.0228765
        },
        {
          "id": "04323734",
          "color": "323734",
          "image": "Ground_1024_cl_4_04323734.png",
          "value": 0.0324715
        },
        {
          "id": "04605D48",
          "color": "605D48",
          "image": "Ground_1024_cl_4_04605D48.png",
          "value": 0.420766
        },
        {
          "id": "04606A6C",
          "color": "606A6C",
          "image": "Ground_1024_cl_4_04606A6C.png",
          "value": 0.31007
        },
        {
          "id": "0487826B",
          "color": "87826B",
          "image": "Ground_1024_cl_4_0487826B.png",
          "value": 0.0935259
        },
        {
          "id": "04B0AEA3",
          "color": "B0AEA3",
          "image": "Ground_1024_cl_4_04B0AEA3.png",
          "value": 0.109231
        },
        {
          "id": "04DAD6C9",
          "color": "DAD6C9",
          "image": "Ground_1024_cl_4_04DAD6C9.png",
          "value": 0.0110595
        }
        ]
      },
      {
        "id": "03797757",
        "color": "797757",
        "image": "Ground_1024_cl_3_03797757.png",
        "value": 0.030911,
        "children": [
        {
          "id": "0487826B",
          "color": "87826B",
          "image": "Ground_1024_cl_4_0487826B.png",
          "value": 0.937462
        },
        {
          "id": "049CAB5F",
          "color": "9CAB5F",
          "image": "Ground_1024_cl_4_049CAB5F.png",
          "value": 0.0625379
        }
        ]
      },
      {
        "id": "03A19F8A",
        "color": "A19F8A",
        "image": "Ground_1024_cl_3_03A19F8A.png",
        "value": 0.0237729,
        "children": [
        {
          "id": "04605D48",
          "color": "605D48",
          "image": "Ground_1024_cl_4_04605D48.png",
          "value": 0.0521053
        },
        {
          "id": "04606A6C",
          "color": "606A6C",
          "image": "Ground_1024_cl_4_04606A6C.png",
          "value": 0.102368
        },
        {
          "id": "0487826B",
          "color": "87826B",
          "image": "Ground_1024_cl_4_0487826B.png",
          "value": 0.348684
        },
        {
          "id": "04A49E79",
          "color": "A49E79",
          "image": "Ground_1024_cl_4_04A49E79.png",
          "value": 0.122632
        },
        {
          "id": "04B0AEA3",
          "color": "B0AEA3",
          "image": "Ground_1024_cl_4_04B0AEA3.png",
          "value": 0.236842
        },
        {
          "id": "04DAD6C9",
          "color": "DAD6C9",
          "image": "Ground_1024_cl_4_04DAD6C9.png",
          "value": 0.137368
        }
        ]
      },
      {
        "id": "03BDBCB0",
        "color": "BDBCB0",
        "image": "Ground_1024_cl_3_03BDBCB0.png",
        "value": 0.0254995,
        "children": [
        {
          "id": "04B0AEA3",
          "color": "B0AEA3",
          "image": "Ground_1024_cl_4_04B0AEA3.png",
          "value": 1
        }
        ]
      },
      {
        "id": "03DDDAD3",
        "color": "DDDAD3",
        "image": "Ground_1024_cl_3_03DDDAD3.png",
        "value": 0.00584312,
        "children": [
        {
          "id": "04DAD6C9",
          "color": "DAD6C9",
          "image": "Ground_1024_cl_4_04DAD6C9.png",
          "value": 1
        }
        ]
      }
      ]
    },
    {
      "id": "02636C3F",
      "color": "636C3F",
      "image": "Ground_1024_cl_2_02636C3F.png",
      "value": 0.124989,
      "children": [
      {
        "id": "03414B2E",
        "color": "414B2E",
        "image": "Ground_1024_cl_3_03414B2E.png",
        "value": 0.349553,
        "children": [
        {
          "id": "04284923",
          "color": "284923",
          "image": "Ground_1024_cl_4_04284923.png",
          "value": 0.131994
        },
        {
          "id": "04293224",
          "color": "293224",
          "image": "Ground_1024_cl_4_04293224.png",
          "value": 0.0750113
        },
        {
          "id": "04454734",
          "color": "454734",
          "image": "Ground_1024_cl_4_04454734.png",
          "value": 0.269912
        },
        {
          "id": "04605D48",
          "color": "605D48",
          "image": "Ground_1024_cl_4_04605D48.png",
          "value": 0.26167
        },
        {
          "id": "04676C3E",
          "color": "676C3E",
          "image": "Ground_1024_cl_4_04676C3E.png",
          "value": 0.190393
        },
        {
          "id": "046A8336",
          "color": "6A8336",
          "image": "Ground_1024_cl_4_046A8336.png",
          "value": 0.0710193
        }
        ]
      },
      {
        "id": "0361614A",
        "color": "61614A",
        "image": "Ground_1024_cl_3_0361614A.png",
        "value": 0.0732597,
        "children": [
        {
          "id": "04293224",
          "color": "293224",
          "image": "Ground_1024_cl_4_04293224.png",
          "value": 0.180952
        },
        {
          "id": "04605D48",
          "color": "605D48",
          "image": "Ground_1024_cl_4_04605D48.png",
          "value": 0.819048
        }
        ]
      },
      {
        "id": "03616C3A",
        "color": "616C3A",
        "image": "Ground_1024_cl_3_03616C3A.png",
        "value": 0.21575,
        "children": [
        {
          "id": "04284923",
          "color": "284923",
          "image": "Ground_1024_cl_4_04284923.png",
          "value": 0.10025
        },
        {
          "id": "04454734",
          "color": "454734",
          "image": "Ground_1024_cl_4_04454734.png",
          "value": 0.164302
        },
        {
          "id": "04676C3E",
          "color": "676C3E",
          "image": "Ground_1024_cl_4_04676C3E.png",
          "value": 0.508033
        },
        {
          "id": "046A8336",
          "color": "6A8336",
          "image": "Ground_1024_cl_4_046A8336.png",
          "value": 0.186313
        },
        {
          "id": "049CAB5F",
          "color": "9CAB5F",
          "image": "Ground_1024_cl_4_049CAB5F.png",
          "value": 0.0411016
        }
        ]
      },
      {
        "id": "0370863B",
        "color": "70863B",
        "image": "Ground_1024_cl_3_0370863B.png",
        "value": 0.145236,
        "children": [
        {
          "id": "04676C3E",
          "color": "676C3E",
          "image": "Ground_1024_cl_4_04676C3E.png",
          "value": 0.181156
        },
        {
          "id": "046A8336",
          "color": "6A8336",
          "image": "Ground_1024_cl_4_046A8336.png",
          "value": 0.74229
        },
        {
          "id": "048EA83D",
          "color": "8EA83D",
          "image": "Ground_1024_cl_4_048EA83D.png",
          "value": 0.0548582
        },
        {
          "id": "049CAB5F",
          "color": "9CAB5F",
          "image": "Ground_1024_cl_4_049CAB5F.png",
          "value": 0.0216953
        }
        ]
      },
      {
        "id": "03797757",
        "color": "797757",
        "image": "Ground_1024_cl_3_03797757.png",
        "value": 0.0227319,
        "children": [
        {
          "id": "04605D48",
          "color": "605D48",
          "image": "Ground_1024_cl_4_04605D48.png",
          "value": 1
        }
        ]
      },
      {
        "id": "038C8B5B",
        "color": "8C8B5B",
        "image": "Ground_1024_cl_3_038C8B5B.png",
        "value": 0.101978,
        "children": [
        {
          "id": "04605D48",
          "color": "605D48",
          "image": "Ground_1024_cl_4_04605D48.png",
          "value": 0.303024
        },
        {
          "id": "04676C3E",
          "color": "676C3E",
          "image": "Ground_1024_cl_4_04676C3E.png",
          "value": 0.273891
        },
        {
          "id": "046A8336",
          "color": "6A8336",
          "image": "Ground_1024_cl_4_046A8336.png",
          "value": 0.308762
        },
        {
          "id": "048EA83D",
          "color": "8EA83D",
          "image": "Ground_1024_cl_4_048EA83D.png",
          "value": 0.114324
        }
        ]
      },
      {
        "id": "03A19F8A",
        "color": "A19F8A",
        "image": "Ground_1024_cl_3_03A19F8A.png",
        "value": 0.0914902,
        "children": [
        {
          "id": "04676C3E",
          "color": "676C3E",
          "image": "Ground_1024_cl_4_04676C3E.png",
          "value": 0.18278
        },
        {
          "id": "0487826B",
          "color": "87826B",
          "image": "Ground_1024_cl_4_0487826B.png",
          "value": 0.490037
        },
        {
          "id": "049CAB5F",
          "color": "9CAB5F",
          "image": "Ground_1024_cl_4_049CAB5F.png",
          "value": 0.095941
        },
        {
          "id": "04B0AEA3",
          "color": "B0AEA3",
          "image": "Ground_1024_cl_4_04B0AEA3.png",
          "value": 0.111439
        },
        {
          "id": "04DAD6C9",
          "color": "DAD6C9",
          "image": "Ground_1024_cl_4_04DAD6C9.png",
          "value": 0.119803
        }
        ]
      }
      ]
    },
    {
      "id": "0285914B",
      "color": "85914B",
      "image": "Ground_1024_cl_2_0285914B.png",
      "value": 0.0104113,
      "children": [
      {
        "id": "0370863B",
        "color": "70863B",
        "image": "Ground_1024_cl_3_0370863B.png",
        "value": 1,
        "children": [
        {
          "id": "04676C3E",
          "color": "676C3E",
          "image": "Ground_1024_cl_4_04676C3E.png",
          "value": 0.20535
        },
        {
          "id": "046A8336",
          "color": "6A8336",
          "image": "Ground_1024_cl_4_046A8336.png",
          "value": 0.677655
        },
        {
          "id": "049CAB5F",
          "color": "9CAB5F",
          "image": "Ground_1024_cl_4_049CAB5F.png",
          "value": 0.116995
        }
        ]
      }
      ]
    },
    {
      "id": "02878461",
      "color": "878461",
      "image": "Ground_1024_cl_2_02878461.png",
      "value": 0.0215006,
      "children": [
      {
        "id": "0370863B",
        "color": "70863B",
        "image": "Ground_1024_cl_3_0370863B.png",
        "value": 0.153866,
        "children": [
        {
          "id": "04605D48",
          "color": "605D48",
          "image": "Ground_1024_cl_4_04605D48.png",
          "value": 0.189626
        },
        {
          "id": "046A8336",
          "color": "6A8336",
          "image": "Ground_1024_cl_4_046A8336.png",
          "value": 0.531463
        },
        {
          "id": "049CAB5F",
          "color": "9CAB5F",
          "image": "Ground_1024_cl_4_049CAB5F.png",
          "value": 0.278912
        }
        ]
      },
      {
        "id": "03797757",
        "color": "797757",
        "image": "Ground_1024_cl_3_03797757.png",
        "value": 0.180427,
        "children": [
        {
          "id": "04605D48",
          "color": "605D48",
          "image": "Ground_1024_cl_4_04605D48.png",
          "value": 0.22335
        },
        {
          "id": "04676C3E",
          "color": "676C3E",
          "image": "Ground_1024_cl_4_04676C3E.png",
          "value": 0.293691
        },
        {
          "id": "0487826B",
          "color": "87826B",
          "image": "Ground_1024_cl_4_0487826B.png",
          "value": 0.482959
        }
        ]
      },
      {
        "id": "038C8B5B",
        "color": "8C8B5B",
        "image": "Ground_1024_cl_3_038C8B5B.png",
        "value": 0.285752,
        "children": [
        {
          "id": "0487826B",
          "color": "87826B",
          "image": "Ground_1024_cl_4_0487826B.png",
          "value": 0.271062
        },
        {
          "id": "049CAB5F",
          "color": "9CAB5F",
          "image": "Ground_1024_cl_4_049CAB5F.png",
          "value": 0.190934
        },
        {
          "id": "04A49E79",
          "color": "A49E79",
          "image": "Ground_1024_cl_4_04A49E79.png",
          "value": 0.538004
        }
        ]
      },
      {
        "id": "03A19F8A",
        "color": "A19F8A",
        "image": "Ground_1024_cl_3_03A19F8A.png",
        "value": 0.228444,
        "children": [
        {
          "id": "0487826B",
          "color": "87826B",
          "image": "Ground_1024_cl_4_0487826B.png",
          "value": 0.607102
        },
        {
          "id": "04B0AEA3",
          "color": "B0AEA3",
          "image": "Ground_1024_cl_4_04B0AEA3.png",
          "value": 0.392898
        }
        ]
      },
      {
        "id": "03DDDAD3",
        "color": "DDDAD3",
        "image": "Ground_1024_cl_3_03DDDAD3.png",
        "value": 0.151511,
        "children": [
        {
          "id": "04DAD6C9",
          "color": "DAD6C9",
          "image": "Ground_1024_cl_4_04DAD6C9.png",
          "value": 1
        }
        ]
      }
      ]
    },
    {
      "id": "02AEACA0",
      "color": "AEACA0",
      "image": "Ground_1024_cl_2_02AEACA0.png",
      "value": 0.0480592,
      "children": [
      {
        "id": "0372736E",
        "color": "72736E",
        "image": "Ground_1024_cl_3_0372736E.png",
        "value": 0.331363,
        "children": [
        {
          "id": "04606A6C",
          "color": "606A6C",
          "image": "Ground_1024_cl_4_04606A6C.png",
          "value": 0.210034
        },
        {
          "id": "0487826B",
          "color": "87826B",
          "image": "Ground_1024_cl_4_0487826B.png",
          "value": 0.789966
        }
        ]
      },
      {
        "id": "03A19F8A",
        "color": "A19F8A",
        "image": "Ground_1024_cl_3_03A19F8A.png",
        "value": 0.441056,
        "children": [
        {
          "id": "04454734",
          "color": "454734",
          "image": "Ground_1024_cl_4_04454734.png",
          "value": 0.0540146
        },
        {
          "id": "04606A6C",
          "color": "606A6C",
          "image": "Ground_1024_cl_4_04606A6C.png",
          "value": 0.0593232
        },
        {
          "id": "04676C3E",
          "color": "676C3E",
          "image": "Ground_1024_cl_4_04676C3E.png",
          "value": 0.0374253
        },
        {
          "id": "0487826B",
          "color": "87826B",
          "image": "Ground_1024_cl_4_0487826B.png",
          "value": 0.337624
        },
        {
          "id": "04B0AEA3",
          "color": "B0AEA3",
          "image": "Ground_1024_cl_4_04B0AEA3.png",
          "value": 0.457863
        },
        {
          "id": "04DAD6C9",
          "color": "DAD6C9",
          "image": "Ground_1024_cl_4_04DAD6C9.png",
          "value": 0.0537492
        }
        ]
      },
      {
        "id": "03DDDAD3",
        "color": "DDDAD3",
        "image": "Ground_1024_cl_3_03DDDAD3.png",
        "value": 0.227581,
        "children": [
        {
          "id": "04DAD6C9",
          "color": "DAD6C9",
          "image": "Ground_1024_cl_4_04DAD6C9.png",
          "value": 1
        }
        ]
      }
      ]
    }
    ]
  },
  {
    "id": "017D7E55",
    "color": "7D7E55",
    "image": "Ground_1024_cl_1_017D7E55.png",
    "value": 0.386265,
    "children": [
    {
      "id": "02414836",
      "color": "414836",
      "image": "Ground_1024_cl_2_02414836.png",
      "value": 0.017184,
      "children": [
      {
        "id": "034D4E42",
        "color": "4D4E42",
        "image": "Ground_1024_cl_3_034D4E42.png",
        "value": 0.881418,
        "children": [
        {
          "id": "04293224",
          "color": "293224",
          "image": "Ground_1024_cl_4_04293224.png",
          "value": 0.229515
        },
        {
          "id": "04454734",
          "color": "454734",
          "image": "Ground_1024_cl_4_04454734.png",
          "value": 0.133232
        },
        {
          "id": "04605D48",
          "color": "605D48",
          "image": "Ground_1024_cl_4_04605D48.png",
          "value": 0.621604
        },
        {
          "id": "04676C3E",
          "color": "676C3E",
          "image": "Ground_1024_cl_4_04676C3E.png",
          "value": 0.0156488
        }
        ]
      },
      {
        "id": "0372736E",
        "color": "72736E",
        "image": "Ground_1024_cl_3_0372736E.png",
        "value": 0.118582,
        "children": [
        {
          "id": "04606A6C",
          "color": "606A6C",
          "image": "Ground_1024_cl_4_04606A6C.png",
          "value": 1
        }
        ]
      }
      ]
    },
    {
      "id": "025F604C",
      "color": "5F604C",
      "image": "Ground_1024_cl_2_025F604C.png",
      "value": 0.184846,
      "children": [
      {
        "id": "03353C2F",
        "color": "353C2F",
        "image": "Ground_1024_cl_3_03353C2F.png",
        "value": 0.0346566,
        "children": [
        {
          "id": "04293224",
          "color": "293224",
          "image": "Ground_1024_cl_4_04293224.png",
          "value": 1
        }
        ]
      },
      {
        "id": "03414B2E",
        "color": "414B2E",
        "image": "Ground_1024_cl_3_03414B2E.png",
        "value": 0.181796,
        "children": [
        {
          "id": "0420292A",
          "color": "20292A",
          "image": "Ground_1024_cl_4_0420292A.png",
          "value": 0.0673981
        },
        {
          "id": "04293224",
          "color": "293224",
          "image": "Ground_1024_cl_4_04293224.png",
          "value": 0.158209
        },
        {
          "id": "04454734",
          "color": "454734",
          "image": "Ground_1024_cl_4_04454734.png",
          "value": 0.143417
        },
        {
          "id": "04605D48",
          "color": "605D48",
          "image": "Ground_1024_cl_4_04605D48.png",
          "value": 0.541732
        },
        {
          "id": "04676C3E",
          "color": "676C3E",
          "image": "Ground_1024_cl_4_04676C3E.png",
          "value": 0.0892437
        }
        ]
      },
      {
        "id": "0361614A",
        "color": "61614A",
        "image": "Ground_1024_cl_3_0361614A.png",
        "value": 0.589553,
        "children": [
        {
          "id": "04293224",
          "color": "293224",
          "image": "Ground_1024_cl_4_04293224.png",
          "value": 0.0882371
        },
        {
          "id": "04454734",
          "color": "454734",
          "image": "Ground_1024_cl_4_04454734.png",
          "value": 0.141131
        },
        {
          "id": "04605D48",
          "color": "605D48",
          "image": "Ground_1024_cl_4_04605D48.png",
          "value": 0.47523
        },
        {
          "id": "04676C3E",
          "color": "676C3E",
          "image": "Ground_1024_cl_4_04676C3E.png",
          "value": 0.137113
        },
        {
          "id": "046A8336",
          "color": "6A8336",
          "image": "Ground_1024_cl_4_046A8336.png",
          "value": 0.0147414
        },
        {
          "id": "0487826B",
          "color": "87826B",
          "image": "Ground_1024_cl_4_0487826B.png",
          "value": 0.0925568
        },
        {
          "id": "04A49E79",
          "color": "A49E79",
          "image": "Ground_1024_cl_4_04A49E79.png",
          "value": 0.0509908
        }
        ]
      },
      {
        "id": "03616C3A",
        "color": "616C3A",
        "image": "Ground_1024_cl_3_03616C3A.png",
        "value": 0.075012,
        "children": [
        {
          "id": "04454734",
          "color": "454734",
          "image": "Ground_1024_cl_4_04454734.png",
          "value": 0.315764
        },
        {
          "id": "04676C3E",
          "color": "676C3E",
          "image": "Ground_1024_cl_4_04676C3E.png",
          "value": 0.344967
        },
        {
          "id": "046A8336",
          "color": "6A8336",
          "image": "Ground_1024_cl_4_046A8336.png",
          "value": 0.339269
        }
        ]
      },
      {
        "id": "0372736E",
        "color": "72736E",
        "image": "Ground_1024_cl_3_0372736E.png",
        "value": 0.037043,
        "children": [
        {
          "id": "04606A6C",
          "color": "606A6C",
          "image": "Ground_1024_cl_4_04606A6C.png",
          "value": 0.262019
        },
        {
          "id": "0487826B",
          "color": "87826B",
          "image": "Ground_1024_cl_4_0487826B.png",
          "value": 0.613942
        },
        {
          "id": "04B0AEA3",
          "color": "B0AEA3",
          "image": "Ground_1024_cl_4_04B0AEA3.png",
          "value": 0.124038
        }
        ]
      },
      {
        "id": "03797757",
        "color": "797757",
        "image": "Ground_1024_cl_3_03797757.png",
        "value": 0.0681199,
        "children": [
        {
          "id": "04676C3E",
          "color": "676C3E",
          "image": "Ground_1024_cl_4_04676C3E.png",
          "value": 0.551895
        },
        {
          "id": "0487826B",
          "color": "87826B",
          "image": "Ground_1024_cl_4_0487826B.png",
          "value": 0.383268
        },
        {
          "id": "04B0AEA3",
          "color": "B0AEA3",
          "image": "Ground_1024_cl_4_04B0AEA3.png",
          "value": 0.0648366
        }
        ]
      },
      {
        "id": "03A19F8A",
        "color": "A19F8A",
        "image": "Ground_1024_cl_3_03A19F8A.png",
        "value": 0.0138199,
        "children": [
        {
          "id": "0487826B",
          "color": "87826B",
          "image": "Ground_1024_cl_4_0487826B.png",
          "value": 1
        }
        ]
      }
      ]
    },
    {
      "id": "02636C3F",
      "color": "636C3F",
      "image": "Ground_1024_cl_2_02636C3F.png",
      "value": 0.119508,
      "children": [
      {
        "id": "0361614A",
        "color": "61614A",
        "image": "Ground_1024_cl_3_0361614A.png",
        "value": 0.0558907,
        "children": [
        {
          "id": "04605D48",
          "color": "605D48",
          "image": "Ground_1024_cl_4_04605D48.png",
          "value": 1
        }
        ]
      },
      {
        "id": "03616C3A",
        "color": "616C3A",
        "image": "Ground_1024_cl_3_03616C3A.png",
        "value": 0.569154,
        "children": [
        {
          "id": "04293224",
          "color": "293224",
          "image": "Ground_1024_cl_4_04293224.png",
          "value": 0.0271029
        },
        {
          "id": "04454734",
          "color": "454734",
          "image": "Ground_1024_cl_4_04454734.png",
          "value": 0.0812603
        },
        {
          "id": "04676C3E",
          "color": "676C3E",
          "image": "Ground_1024_cl_4_04676C3E.png",
          "value": 0.771561
        },
        {
          "id": "046A8336",
          "color": "6A8336",
          "image": "Ground_1024_cl_4_046A8336.png",
          "value": 0.0471881
        },
        {
          "id": "048EA83D",
          "color": "8EA83D",
          "image": "Ground_1024_cl_4_048EA83D.png",
          "value": 0.0502371
        },
        {
          "id": "049CAB5F",
          "color": "9CAB5F",
          "image": "Ground_1024_cl_4_049CAB5F.png",
          "value": 0.0226503
        }
        ]
      },
      {
        "id": "0370863B",
        "color": "70863B",
        "image": "Ground_1024_cl_3_0370863B.png",
        "value": 0.106217,
        "children": [
        {
          "id": "04676C3E",
          "color": "676C3E",
          "image": "Ground_1024_cl_4_04676C3E.png",
          "value": 0.17583
        },
        {
          "id": "046A8336",
          "color": "6A8336",
          "image": "Ground_1024_cl_4_046A8336.png",
          "value": 0.727438
        },
        {
          "id": "048EA83D",
          "color": "8EA83D",
          "image": "Ground_1024_cl_4_048EA83D.png",
          "value": 0.0967324
        }
        ]
      },
      {
        "id": "03797757",
        "color": "797757",
        "image": "Ground_1024_cl_3_03797757.png",
        "value": 0.268738,
        "children": [
        {
          "id": "04454734",
          "color": "454734",
          "image": "Ground_1024_cl_4_04454734.png",
          "value": 0.107626
        },
        {
          "id": "04676C3E",
          "color": "676C3E",
          "image": "Ground_1024_cl_4_04676C3E.png",
          "value": 0.807196
        },
        {
          "id": "046A8336",
          "color": "6A8336",
          "image": "Ground_1024_cl_4_046A8336.png",
          "value": 0.049918
        },
        {
          "id": "04A49E79",
          "color": "A49E79",
          "image": "Ground_1024_cl_4_04A49E79.png",
          "value": 0.0352604
        }
        ]
      }
      ]
    },
    {
      "id": "0285914B",
      "color": "85914B",
      "image": "Ground_1024_cl_2_0285914B.png",
      "value": 0.178401,
      "children": [
      {
        "id": "03414B2E",
        "color": "414B2E",
        "image": "Ground_1024_cl_3_03414B2E.png",
        "value": 0.0224014,
        "children": [
        {
          "id": "04454734",
          "color": "454734",
          "image": "Ground_1024_cl_4_04454734.png",
          "value": 0.401977
        },
        {
          "id": "04676C3E",
          "color": "676C3E",
          "image": "Ground_1024_cl_4_04676C3E.png",
          "value": 0.598023
        }
        ]
      },
      {
        "id": "0370863B",
        "color": "70863B",
        "image": "Ground_1024_cl_3_0370863B.png",
        "value": 0.242171,
        "children": [
        {
          "id": "04454734",
          "color": "454734",
          "image": "Ground_1024_cl_4_04454734.png",
          "value": 0.028345
        },
        {
          "id": "04676C3E",
          "color": "676C3E",
          "image": "Ground_1024_cl_4_04676C3E.png",
          "value": 0.137839
        },
        {
          "id": "046A8336",
          "color": "6A8336",
          "image": "Ground_1024_cl_4_046A8336.png",
          "value": 0.456797
        },
        {
          "id": "048EA83D",
          "color": "8EA83D",
          "image": "Ground_1024_cl_4_048EA83D.png",
          "value": 0.236818
        },
        {
          "id": "049CAB5F",
          "color": "9CAB5F",
          "image": "Ground_1024_cl_4_049CAB5F.png",
          "value": 0.124048
        },
        {
          "id": "04A49E79",
          "color": "A49E79",
          "image": "Ground_1024_cl_4_04A49E79.png",
          "value": 0.0161536
        }
        ]
      },
      {
        "id": "03797757",
        "color": "797757",
        "image": "Ground_1024_cl_3_03797757.png",
        "value": 0.0424963,
        "children": [
        {
          "id": "04454734",
          "color": "454734",
          "image": "Ground_1024_cl_4_04454734.png",
          "value": 0.307859
        },
        {
          "id": "04676C3E",
          "color": "676C3E",
          "image": "Ground_1024_cl_4_04676C3E.png",
          "value": 0.41815
        },
        {
          "id": "046A8336",
          "color": "6A8336",
          "image": "Ground_1024_cl_4_046A8336.png",
          "value": 0.152844
        },
        {
          "id": "04DAD6C9",
          "color": "DAD6C9",
          "image": "Ground_1024_cl_4_04DAD6C9.png",
          "value": 0.121146
        }
        ]
      },
      {
        "id": "038C8B5B",
        "color": "8C8B5B",
        "image": "Ground_1024_cl_3_038C8B5B.png",
        "value": 0.418633,
        "children": [
        {
          "id": "04605D48",
          "color": "605D48",
          "image": "Ground_1024_cl_4_04605D48.png",
          "value": 0.0100498
        },
        {
          "id": "04676C3E",
          "color": "676C3E",
          "image": "Ground_1024_cl_4_04676C3E.png",
          "value": 0.273064
        },
        {
          "id": "046A8336",
          "color": "6A8336",
          "image": "Ground_1024_cl_4_046A8336.png",
          "value": 0.0753295
        },
        {
          "id": "0487826B",
          "color": "87826B",
          "image": "Ground_1024_cl_4_0487826B.png",
          "value": 0.210693
        },
        {
          "id": "048EA83D",
          "color": "8EA83D",
          "image": "Ground_1024_cl_4_048EA83D.png",
          "value": 0.0308106
        },
        {
          "id": "049CAB5F",
          "color": "9CAB5F",
          "image": "Ground_1024_cl_4_049CAB5F.png",
          "value": 0.249041
        },
        {
          "id": "04A49E79",
          "color": "A49E79",
          "image": "Ground_1024_cl_4_04A49E79.png",
          "value": 0.124917
        },
        {
          "id": "04B0AEA3",
          "color": "B0AEA3",
          "image": "Ground_1024_cl_4_04B0AEA3.png",
          "value": 0.0260942
        }
        ]
      },
      {
        "id": "039BAE56",
        "color": "9BAE56",
        "image": "Ground_1024_cl_3_039BAE56.png",
        "value": 0.274297,
        "children": [
        {
          "id": "04454734",
          "color": "454734",
          "image": "Ground_1024_cl_4_04454734.png",
          "value": 0.00961991
        },
        {
          "id": "04676C3E",
          "color": "676C3E",
          "image": "Ground_1024_cl_4_04676C3E.png",
          "value": 0.0172217
        },
        {
          "id": "048EA83D",
          "color": "8EA83D",
          "image": "Ground_1024_cl_4_048EA83D.png",
          "value": 0.556206
        },
        {
          "id": "049CAB5F",
          "color": "9CAB5F",
          "image": "Ground_1024_cl_4_049CAB5F.png",
          "value": 0.318399
        },
        {
          "id": "04A49E79",
          "color": "A49E79",
          "image": "Ground_1024_cl_4_04A49E79.png",
          "value": 0.0985537
        }
        ]
      }
      ]
    },
    {
      "id": "02878461",
      "color": "878461",
      "image": "Ground_1024_cl_2_02878461.png",
      "value": 0.446744,
      "children": [
      {
        "id": "03353C2F",
        "color": "353C2F",
        "image": "Ground_1024_cl_3_03353C2F.png",
        "value": 0.00812038,
        "children": [
        {
          "id": "04454734",
          "color": "454734",
          "image": "Ground_1024_cl_4_04454734.png",
          "value": 1
        }
        ]
      },
      {
        "id": "03414B2E",
        "color": "414B2E",
        "image": "Ground_1024_cl_3_03414B2E.png",
        "value": 0.00829723,
        "children": [
        {
          "id": "04293224",
          "color": "293224",
          "image": "Ground_1024_cl_4_04293224.png",
          "value": 0.550622
        },
        {
          "id": "04676C3E",
          "color": "676C3E",
          "image": "Ground_1024_cl_4_04676C3E.png",
          "value": 0.449378
        }
        ]
      },
      {
        "id": "0361614A",
        "color": "61614A",
        "image": "Ground_1024_cl_3_0361614A.png",
        "value": 0.0782636,
        "children": [
        {
          "id": "04454734",
          "color": "454734",
          "image": "Ground_1024_cl_4_04454734.png",
          "value": 0.0824781
        },
        {
          "id": "04605D48",
          "color": "605D48",
          "image": "Ground_1024_cl_4_04605D48.png",
          "value": 0.677902
        },
        {
          "id": "0487826B",
          "color": "87826B",
          "image": "Ground_1024_cl_4_0487826B.png",
          "value": 0.163826
        },
        {
          "id": "04B0AEA3",
          "color": "B0AEA3",
          "image": "Ground_1024_cl_4_04B0AEA3.png",
          "value": 0.0757932
        }
        ]
      },
      {
        "id": "03616C3A",
        "color": "616C3A",
        "image": "Ground_1024_cl_3_03616C3A.png",
        "value": 0.0221284,
        "children": [
        {
          "id": "04676C3E",
          "color": "676C3E",
          "image": "Ground_1024_cl_4_04676C3E.png",
          "value": 0.719947
        },
        {
          "id": "049CAB5F",
          "color": "9CAB5F",
          "image": "Ground_1024_cl_4_049CAB5F.png",
          "value": 0.182817
        },
        {
          "id": "04A49E79",
          "color": "A49E79",
          "image": "Ground_1024_cl_4_04A49E79.png",
          "value": 0.0972361
        }
        ]
      },
      {
        "id": "0372736E",
        "color": "72736E",
        "image": "Ground_1024_cl_3_0372736E.png",
        "value": 0.0112742,
        "children": [
        {
          "id": "04606A6C",
          "color": "606A6C",
          "image": "Ground_1024_cl_4_04606A6C.png",
          "value": 0.572549
        },
        {
          "id": "04B0AEA3",
          "color": "B0AEA3",
          "image": "Ground_1024_cl_4_04B0AEA3.png",
          "value": 0.427451
        }
        ]
      },
      {
        "id": "03797757",
        "color": "797757",
        "image": "Ground_1024_cl_3_03797757.png",
        "value": 0.389336,
        "children": [
        {
          "id": "04293224",
          "color": "293224",
          "image": "Ground_1024_cl_4_04293224.png",
          "value": 0.00634037
        },
        {
          "id": "04454734",
          "color": "454734",
          "image": "Ground_1024_cl_4_04454734.png",
          "value": 0.0120183
        },
        {
          "id": "04605D48",
          "color": "605D48",
          "image": "Ground_1024_cl_4_04605D48.png",
          "value": 0.277538
        },
        {
          "id": "04676C3E",
          "color": "676C3E",
          "image": "Ground_1024_cl_4_04676C3E.png",
          "value": 0.183833
        },
        {
          "id": "046A8336",
          "color": "6A8336",
          "image": "Ground_1024_cl_4_046A8336.png",
          "value": 0.0172042
        },
        {
          "id": "0487826B",
          "color": "87826B",
          "image": "Ground_1024_cl_4_0487826B.png",
          "value": 0.335415
        },
        {
          "id": "049CAB5F",
          "color": "9CAB5F",
          "image": "Ground_1024_cl_4_049CAB5F.png",
          "value": 0.0180748
        },
        {
          "id": "04A49E79",
          "color": "A49E79",
          "image": "Ground_1024_cl_4_04A49E79.png",
          "value": 0.122246
        },
        {
          "id": "04B0AEA3",
          "color": "B0AEA3",
          "image": "Ground_1024_cl_4_04B0AEA3.png",
          "value": 0.0047884
        },
        {
          "id": "04DAD6C9",
          "color": "DAD6C9",
          "image": "Ground_1024_cl_4_04DAD6C9.png",
          "value": 0.0225414
        }
        ]
      },
      {
        "id": "038C8B5B",
        "color": "8C8B5B",
        "image": "Ground_1024_cl_3_038C8B5B.png",
        "value": 0.364238,
        "children": [
        {
          "id": "04605D48",
          "color": "605D48",
          "image": "Ground_1024_cl_4_04605D48.png",
          "value": 0.0327938
        },
        {
          "id": "04676C3E",
          "color": "676C3E",
          "image": "Ground_1024_cl_4_04676C3E.png",
          "value": 0.267145
        },
        {
          "id": "046A8336",
          "color": "6A8336",
          "image": "Ground_1024_cl_4_046A8336.png",
          "value": 0.0188347
        },
        {
          "id": "0487826B",
          "color": "87826B",
          "image": "Ground_1024_cl_4_0487826B.png",
          "value": 0.213919
        },
        {
          "id": "048EA83D",
          "color": "8EA83D",
          "image": "Ground_1024_cl_4_048EA83D.png",
          "value": 0.0213433
        },
        {
          "id": "049CAB5F",
          "color": "9CAB5F",
          "image": "Ground_1024_cl_4_049CAB5F.png",
          "value": 0.0310136
        },
        {
          "id": "04A49E79",
          "color": "A49E79",
          "image": "Ground_1024_cl_4_04A49E79.png",
          "value": 0.363079
        },
        {
          "id": "04DAD6C9",
          "color": "DAD6C9",
          "image": "Ground_1024_cl_4_04DAD6C9.png",
          "value": 0.0518713
        }
        ]
      },
      {
        "id": "039BAE56",
        "color": "9BAE56",
        "image": "Ground_1024_cl_3_039BAE56.png",
        "value": 0.0315899,
        "children": [
        {
          "id": "046A8336",
          "color": "6A8336",
          "image": "Ground_1024_cl_4_046A8336.png",
          "value": 0.157219
        },
        {
          "id": "049CAB5F",
          "color": "9CAB5F",
          "image": "Ground_1024_cl_4_049CAB5F.png",
          "value": 0.615349
        },
        {
          "id": "04A49E79",
          "color": "A49E79",
          "image": "Ground_1024_cl_4_04A49E79.png",
          "value": 0.227432
        }
        ]
      },
      {
        "id": "03A19F8A",
        "color": "A19F8A",
        "image": "Ground_1024_cl_3_03A19F8A.png",
        "value": 0.0606302,
        "children": [
        {
          "id": "04606A6C",
          "color": "606A6C",
          "image": "Ground_1024_cl_4_04606A6C.png",
          "value": 0.117404
        },
        {
          "id": "0487826B",
          "color": "87826B",
          "image": "Ground_1024_cl_4_0487826B.png",
          "value": 0.143534
        },
        {
          "id": "04A49E79",
          "color": "A49E79",
          "image": "Ground_1024_cl_4_04A49E79.png",
          "value": 0.407632
        },
        {
          "id": "04B0AEA3",
          "color": "B0AEA3",
          "image": "Ground_1024_cl_4_04B0AEA3.png",
          "value": 0.236388
        },
        {
          "id": "04DAD6C9",
          "color": "DAD6C9",
          "image": "Ground_1024_cl_4_04DAD6C9.png",
          "value": 0.0950413
        }
        ]
      },
      {
        "id": "03BDBCB0",
        "color": "BDBCB0",
        "image": "Ground_1024_cl_3_03BDBCB0.png",
        "value": 0.0261223,
        "children": [
        {
          "id": "04606A6C",
          "color": "606A6C",
          "image": "Ground_1024_cl_4_04606A6C.png",
          "value": 0.0778561
        },
        {
          "id": "04A49E79",
          "color": "A49E79",
          "image": "Ground_1024_cl_4_04A49E79.png",
          "value": 0.241467
        },
        {
          "id": "04B0AEA3",
          "color": "B0AEA3",
          "image": "Ground_1024_cl_4_04B0AEA3.png",
          "value": 0.34725
        },
        {
          "id": "04DAD6C9",
          "color": "DAD6C9",
          "image": "Ground_1024_cl_4_04DAD6C9.png",
          "value": 0.333427
        }
        ]
      }
      ]
    },
    {
      "id": "02AEACA0",
      "color": "AEACA0",
      "image": "Ground_1024_cl_2_02AEACA0.png",
      "value": 0.0533165,
      "children": [
      {
        "id": "0361614A",
        "color": "61614A",
        "image": "Ground_1024_cl_3_0361614A.png",
        "value": 0.0963818,
        "children": [
        {
          "id": "04293224",
          "color": "293224",
          "image": "Ground_1024_cl_4_04293224.png",
          "value": 0.211403
        },
        {
          "id": "04454734",
          "color": "454734",
          "image": "Ground_1024_cl_4_04454734.png",
          "value": 0.251762
        },
        {
          "id": "04606A6C",
          "color": "606A6C",
          "image": "Ground_1024_cl_4_04606A6C.png",
          "value": 0.165279
        },
        {
          "id": "0487826B",
          "color": "87826B",
          "image": "Ground_1024_cl_4_0487826B.png",
          "value": 0.371557
        }
        ]
      },
      {
        "id": "038C8B5B",
        "color": "8C8B5B",
        "image": "Ground_1024_cl_3_038C8B5B.png",
        "value": 0.0472339,
        "children": [
        {
          "id": "04676C3E",
          "color": "676C3E",
          "image": "Ground_1024_cl_4_04676C3E.png",
          "value": 1
        }
        ]
      },
      {
        "id": "03A19F8A",
        "color": "A19F8A",
        "image": "Ground_1024_cl_3_03A19F8A.png",
        "value": 0.351321,
        "children": [
        {
          "id": "04A49E79",
          "color": "A49E79",
          "image": "Ground_1024_cl_4_04A49E79.png",
          "value": 0.863796
        },
        {
          "id": "04DAD6C9",
          "color": "DAD6C9",
          "image": "Ground_1024_cl_4_04DAD6C9.png",
          "value": 0.136204
        }
        ]
      },
      {
        "id": "03BDBCB0",
        "color": "BDBCB0",
        "image": "Ground_1024_cl_3_03BDBCB0.png",
        "value": 0.377933,
        "children": [
        {
          "id": "04606A6C",
          "color": "606A6C",
          "image": "Ground_1024_cl_4_04606A6C.png",
          "value": 0.0334913
        },
        {
          "id": "0487826B",
          "color": "87826B",
          "image": "Ground_1024_cl_4_0487826B.png",
          "value": 0.0398628
        },
        {
          "id": "04B0AEA3",
          "color": "B0AEA3",
          "image": "Ground_1024_cl_4_04B0AEA3.png",
          "value": 0.321843
        },
        {
          "id": "04DAD6C9",
          "color": "DAD6C9",
          "image": "Ground_1024_cl_4_04DAD6C9.png",
          "value": 0.604803
        }
        ]
      },
      {
        "id": "03DDDAD3",
        "color": "DDDAD3",
        "image": "Ground_1024_cl_3_03DDDAD3.png",
        "value": 0.12713,
        "children": [
        {
          "id": "0487826B",
          "color": "87826B",
          "image": "Ground_1024_cl_4_0487826B.png",
          "value": 0.0849927
        },
        {
          "id": "04DAD6C9",
          "color": "DAD6C9",
          "image": "Ground_1024_cl_4_04DAD6C9.png",
          "value": 0.915007
        }
        ]
      }
      ]
    }
    ]
  },
  {
    "id": "01BFBDB6",
    "color": "BFBDB6",
    "image": "Ground_1024_cl_1_01BFBDB6.png",
    "value": 0.0143852,
    "children": [
    {
      "id": "02AEACA0",
      "color": "AEACA0",
      "image": "Ground_1024_cl_2_02AEACA0.png",
      "value": 1,
      "children": [
      {
        "id": "0372736E",
        "color": "72736E",
        "image": "Ground_1024_cl_3_0372736E.png",
        "value": 0.188279,
        "children": [
        {
          "id": "04606A6C",
          "color": "606A6C",
          "image": "Ground_1024_cl_4_04606A6C.png",
          "value": 0.674178
        },
        {
          "id": "04B0AEA3",
          "color": "B0AEA3",
          "image": "Ground_1024_cl_4_04B0AEA3.png",
          "value": 0.124883
        },
        {
          "id": "04DAD6C9",
          "color": "DAD6C9",
          "image": "Ground_1024_cl_4_04DAD6C9.png",
          "value": 0.200939
        }
        ]
      },
      {
        "id": "03A19F8A",
        "color": "A19F8A",
        "image": "Ground_1024_cl_3_03A19F8A.png",
        "value": 0.0746928,
        "children": [
        {
          "id": "04606A6C",
          "color": "606A6C",
          "image": "Ground_1024_cl_4_04606A6C.png",
          "value": 0.392899
        },
        {
          "id": "04B0AEA3",
          "color": "B0AEA3",
          "image": "Ground_1024_cl_4_04B0AEA3.png",
          "value": 0.607101
        }
        ]
      },
      {
        "id": "03BDBCB0",
        "color": "BDBCB0",
        "image": "Ground_1024_cl_3_03BDBCB0.png",
        "value": 0.309379,
        "children": [
        {
          "id": "04B0AEA3",
          "color": "B0AEA3",
          "image": "Ground_1024_cl_4_04B0AEA3.png",
          "value": 0.522
        },
        {
          "id": "04DAD6C9",
          "color": "DAD6C9",
          "image": "Ground_1024_cl_4_04DAD6C9.png",
          "value": 0.478
        }
        ]
      },
      {
        "id": "03DDDAD3",
        "color": "DDDAD3",
        "image": "Ground_1024_cl_3_03DDDAD3.png",
        "value": 0.42765,
        "children": [
        {
          "id": "04DAD6C9",
          "color": "DAD6C9",
          "image": "Ground_1024_cl_4_04DAD6C9.png",
          "value": 1
        }
        ]
      }
      ]
    }
    ]
  }
  ]
}