{
  "id": "00000000",
  "color": "000000",
  "image": "Moss0101_S.png",
  "value": 1,
  "children": [
  {
    "id": "01444A4E",
    "color": "444A4E",
    "image": "Moss0101_S_cl_1_01444A4E.png",
    "value": 0.141014,
    "children": [
    {
      "id": "0241454C",
      "color": "41454C",
      "image": "Moss0101_S_cl_2_0241454C.png",
      "value": 0.777661,
      "children": [
      {
        "id": "03303338",
        "color": "303338",
        "image": "Moss0101_S_cl_3_03303338.png",
        "value": 0.385287,
        "children": [
        {
          "id": "042B2D2F",
          "color": "2B2D2F",
          "image": "Moss0101_S_cl_4_042B2D2F.png",
          "value": 0.594315
        },
        {
          "id": "043E444F",
          "color": "3E444F",
          "image": "Moss0101_S_cl_4_043E444F.png",
          "value": 0.338342
        },
        {
          "id": "0459636F",
          "color": "59636F",
          "image": "Moss0101_S_cl_4_0459636F.png",
          "value": 0.0629442
        },
        {
          "id": "04656E3E",
          "color": "656E3E",
          "image": "Moss0101_S_cl_4_04656E3E.png",
          "value": 0.00439932
        }
        ]
      },
      {
        "id": "034F565F",
        "color": "4F565F",
        "image": "Moss0101_S_cl_3_034F565F.png",
        "value": 0.571086,
        "children": [
        {
          "id": "042B2D2F",
          "color": "2B2D2F",
          "image": "Moss0101_S_cl_4_042B2D2F.png",
          "value": 0.0854566
        },
        {
          "id": "043E444F",
          "color": "3E444F",
          "image": "Moss0101_S_cl_4_043E444F.png",
          "value": 0.477922
        },
        {
          "id": "0459636F",
          "color": "59636F",
          "image": "Moss0101_S_cl_4_0459636F.png",
          "value": 0.413676
        },
        {
          "id": "047C8289",
          "color": "7C8289",
          "image": "Moss0101_S_cl_4_047C8289.png",
          "value": 0.0216438
        },
        {
          "id": "047D94A8",
          "color": "7D94A8",
          "image": "Moss0101_S_cl_4_047D94A8.png",
          "value": 0.00130137
        }
        ]
      },
      {
        "id": "036A7582",
        "color": "6A7582",
        "image": "Moss0101_S_cl_3_036A7582.png",
        "value": 0.0187363,
        "children": [
        {
          "id": "0459636F",
          "color": "59636F",
          "image": "Moss0101_S_cl_4_0459636F.png",
          "value": 1
        }
        ]
      },
      {
        "id": "03778047",
        "color": "778047",
        "image": "Moss0101_S_cl_3_03778047.png",
        "value": 0.0248905,
        "children": [
        {
          "id": "04656E3E",
          "color": "656E3E",
          "image": "Moss0101_S_cl_4_04656E3E.png",
          "value": 0.839707
        },
        {
          "id": "0490974B",
          "color": "90974B",
          "image": "Moss0101_S_cl_4_0490974B.png",
          "value": 0.160293
        }
        ]
      }
      ]
    },
    {
      "id": "0257616F",
      "color": "57616F",
      "image": "Moss0101_S_cl_2_0257616F.png",
      "value": 0.14175,
      "children": [
      {
        "id": "034F565F",
        "color": "4F565F",
        "image": "Moss0101_S_cl_3_034F565F.png",
        "value": 0.798069,
        "children": [
        {
          "id": "043E444F",
          "color": "3E444F",
          "image": "Moss0101_S_cl_4_043E444F.png",
          "value": 0.386842
        },
        {
          "id": "0459636F",
          "color": "59636F",
          "image": "Moss0101_S_cl_4_0459636F.png",
          "value": 0.529175
        },
        {
          "id": "047C8289",
          "color": "7C8289",
          "image": "Moss0101_S_cl_4_047C8289.png",
          "value": 0.0839832
        }
        ]
      },
      {
        "id": "036A7582",
        "color": "6A7582",
        "image": "Moss0101_S_cl_3_036A7582.png",
        "value": 0.201931,
        "children": [
        {
          "id": "0459636F",
          "color": "59636F",
          "image": "Moss0101_S_cl_4_0459636F.png",
          "value": 0.320227
        },
        {
          "id": "047C8289",
          "color": "7C8289",
          "image": "Moss0101_S_cl_4_047C8289.png",
          "value": 0.679773
        }
        ]
      }
      ]
    },
    {
      "id": "025D6053",
      "color": "5D6053",
      "image": "Moss0101_S_cl_2_025D6053.png",
      "value": 0.0805889,
      "children": [
      {
        "id": "03303338",
        "color": "303338",
        "image": "Moss0101_S_cl_3_03303338.png",
        "value": 0.374182,
        "children": [
        {
          "id": "042B2D2F",
          "color": "2B2D2F",
          "image": "Moss0101_S_cl_4_042B2D2F.png",
          "value": 0.931405
        },
        {
          "id": "04656E3E",
          "color": "656E3E",
          "image": "Moss0101_S_cl_4_04656E3E.png",
          "value": 0.0685945
        }
        ]
      },
      {
        "id": "03778047",
        "color": "778047",
        "image": "Moss0101_S_cl_3_03778047.png",
        "value": 0.625818,
        "children": [
        {
          "id": "042B2D2F",
          "color": "2B2D2F",
          "image": "Moss0101_S_cl_4_042B2D2F.png",
          "value": 0.0727784
        },
        {
          "id": "04656E3E",
          "color": "656E3E",
          "image": "Moss0101_S_cl_4_04656E3E.png",
          "value": 0.377764
        },
        {
          "id": "0490974B",
          "color": "90974B",
          "image": "Moss0101_S_cl_4_0490974B.png",
          "value": 0.549457
        }
        ]
      }
      ]
    }
    ]
  },
  {
    "id": "015D6976",
    "color": "5D6976",
    "image": "Moss0101_S_cl_1_015D6976.png",
    "value": 0.438192,
    "children": [
    {
      "id": "0241454C",
      "color": "41454C",
      "image": "Moss0101_S_cl_2_0241454C.png",
      "value": 0.024381,
      "children": [
      {
        "id": "03303338",
        "color": "303338",
        "image": "Moss0101_S_cl_3_03303338.png",
        "value": 0.444727,
        "children": [
        {
          "id": "043E444F",
          "color": "3E444F",
          "image": "Moss0101_S_cl_4_043E444F.png",
          "value": 1
        }
        ]
      },
      {
        "id": "034F565F",
        "color": "4F565F",
        "image": "Moss0101_S_cl_3_034F565F.png",
        "value": 0.555273,
        "children": [
        {
          "id": "042B2D2F",
          "color": "2B2D2F",
          "image": "Moss0101_S_cl_4_042B2D2F.png",
          "value": 0.403471
        },
        {
          "id": "043E444F",
          "color": "3E444F",
          "image": "Moss0101_S_cl_4_043E444F.png",
          "value": 0.596529
        }
        ]
      }
      ]
    },
    {
      "id": "0257616F",
      "color": "57616F",
      "image": "Moss0101_S_cl_2_0257616F.png",
      "value": 0.665149,
      "children": [
      {
        "id": "03303338",
        "color": "303338",
        "image": "Moss0101_S_cl_3_03303338.png",
        "value": 0.00251659,
        "children": [
        {
          "id": "042B2D2F",
          "color": "2B2D2F",
          "image": "Moss0101_S_cl_4_042B2D2F.png",
          "value": 1
        }
        ]
      },
      {
        "id": "034F565F",
        "color": "4F565F",
        "image": "Moss0101_S_cl_3_034F565F.png",
        "value": 0.602398,
        "children": [
        {
          "id": "042B2D2F",
          "color": "2B2D2F",
          "image": "Moss0101_S_cl_4_042B2D2F.png",
          "value": 0.0131518
        },
        {
          "id": "043E444F",
          "color": "3E444F",
          "image": "Moss0101_S_cl_4_043E444F.png",
          "value": 0.329853
        },
        {
          "id": "0459636F",
          "color": "59636F",
          "image": "Moss0101_S_cl_4_0459636F.png",
          "value": 0.602979
        },
        {
          "id": "047C8289",
          "color": "7C8289",
          "image": "Moss0101_S_cl_4_047C8289.png",
          "value": 0.0425092
        },
        {
          "id": "047D94A8",
          "color": "7D94A8",
          "image": "Moss0101_S_cl_4_047D94A8.png",
          "value": 0.0115068
        }
        ]
      },
      {
        "id": "036A7582",
        "color": "6A7582",
        "image": "Moss0101_S_cl_3_036A7582.png",
        "value": 0.390955,
        "children": [
        {
          "id": "043E444F",
          "color": "3E444F",
          "image": "Moss0101_S_cl_4_043E444F.png",
          "value": 0.0734551
        },
        {
          "id": "0459636F",
          "color": "59636F",
          "image": "Moss0101_S_cl_4_0459636F.png",
          "value": 0.657356
        },
        {
          "id": "047C8289",
          "color": "7C8289",
          "image": "Moss0101_S_cl_4_047C8289.png",
          "value": 0.212335
        },
        {
          "id": "047D94A8",
          "color": "7D94A8",
          "image": "Moss0101_S_cl_4_047D94A8.png",
          "value": 0.0568543
        }
        ]
      },
      {
        "id": "037D92A4",
        "color": "7D92A4",
        "image": "Moss0101_S_cl_3_037D92A4.png",
        "value": 0.00413055,
        "children": [
        {
          "id": "047D94A8",
          "color": "7D94A8",
          "image": "Moss0101_S_cl_4_047D94A8.png",
          "value": 1
        }
        ]
      }
      ]
    },
    {
      "id": "025D6053",
      "color": "5D6053",
      "image": "Moss0101_S_cl_2_025D6053.png",
      "value": 0.0621239,
      "children": [
      {
        "id": "03303338",
        "color": "303338",
        "image": "Moss0101_S_cl_3_03303338.png",
        "value": 0.0896581,
        "children": [
        {
          "id": "042B2D2F",
          "color": "2B2D2F",
          "image": "Moss0101_S_cl_4_042B2D2F.png",
          "value": 1
        }
        ]
      },
      {
        "id": "034F565F",
        "color": "4F565F",
        "image": "Moss0101_S_cl_3_034F565F.png",
        "value": 0.547403,
        "children": [
        {
          "id": "042B2D2F",
          "color": "2B2D2F",
          "image": "Moss0101_S_cl_4_042B2D2F.png",
          "value": 0.162061
        },
        {
          "id": "043E444F",
          "color": "3E444F",
          "image": "Moss0101_S_cl_4_043E444F.png",
          "value": 0.0838611
        },
        {
          "id": "0459636F",
          "color": "59636F",
          "image": "Moss0101_S_cl_4_0459636F.png",
          "value": 0.408367
        },
        {
          "id": "047C8289",
          "color": "7C8289",
          "image": "Moss0101_S_cl_4_047C8289.png",
          "value": 0.325945
        },
        {
          "id": "0490974B",
          "color": "90974B",
          "image": "Moss0101_S_cl_4_0490974B.png",
          "value": 0.0197659
        }
        ]
      },
      {
        "id": "036A7582",
        "color": "6A7582",
        "image": "Moss0101_S_cl_3_036A7582.png",
        "value": 0.265298,
        "children": [
        {
          "id": "0459636F",
          "color": "59636F",
          "image": "Moss0101_S_cl_4_0459636F.png",
          "value": 0.531974
        },
        {
          "id": "047C8289",
          "color": "7C8289",
          "image": "Moss0101_S_cl_4_047C8289.png",
          "value": 0.468026
        }
        ]
      },
      {
        "id": "03778047",
        "color": "778047",
        "image": "Moss0101_S_cl_3_03778047.png",
        "value": 0.0605074,
        "children": [
        {
          "id": "043E444F",
          "color": "3E444F",
          "image": "Moss0101_S_cl_4_043E444F.png",
          "value": 0.321181
        },
        {
          "id": "04656E3E",
          "color": "656E3E",
          "image": "Moss0101_S_cl_4_04656E3E.png",
          "value": 0.0434028
        },
        {
          "id": "0490974B",
          "color": "90974B",
          "image": "Moss0101_S_cl_4_0490974B.png",
          "value": 0.635417
        }
        ]
      },
      {
        "id": "03989946",
        "color": "989946",
        "image": "Moss0101_S_cl_3_03989946.png",
        "value": 0.0371343,
        "children": [
        {
          "id": "0490974B",
          "color": "90974B",
          "image": "Moss0101_S_cl_4_0490974B.png",
          "value": 1
        }
        ]
      }
      ]
    },
    {
      "id": "02718A9E",
      "color": "718A9E",
      "image": "Moss0101_S_cl_2_02718A9E.png",
      "value": 0.16448,
      "children": [
      {
        "id": "036A7582",
        "color": "6A7582",
        "image": "Moss0101_S_cl_3_036A7582.png",
        "value": 0.411383,
        "children": [
        {
          "id": "0459636F",
          "color": "59636F",
          "image": "Moss0101_S_cl_4_0459636F.png",
          "value": 0.543184
        },
        {
          "id": "047C8289",
          "color": "7C8289",
          "image": "Moss0101_S_cl_4_047C8289.png",
          "value": 0.0799537
        },
        {
          "id": "047D94A8",
          "color": "7D94A8",
          "image": "Moss0101_S_cl_4_047D94A8.png",
          "value": 0.376863
        }
        ]
      },
      {
        "id": "037D92A4",
        "color": "7D92A4",
        "image": "Moss0101_S_cl_3_037D92A4.png",
        "value": 0.588617,
        "children": [
        {
          "id": "0459636F",
          "color": "59636F",
          "image": "Moss0101_S_cl_4_0459636F.png",
          "value": 0.0118971
        },
        {
          "id": "047D94A8",
          "color": "7D94A8",
          "image": "Moss0101_S_cl_4_047D94A8.png",
          "value": 0.988103
        }
        ]
      }
      ]
    },
    {
      "id": "02777F89",
      "color": "777F89",
      "image": "Moss0101_S_cl_2_02777F89.png",
      "value": 0.0838652,
      "children": [
      {
        "id": "036A7582",
        "color": "6A7582",
        "image": "Moss0101_S_cl_3_036A7582.png",
        "value": 0.634386,
        "children": [
        {
          "id": "0459636F",
          "color": "59636F",
          "image": "Moss0101_S_cl_4_0459636F.png",
          "value": 0.0277829
        },
        {
          "id": "047C8289",
          "color": "7C8289",
          "image": "Moss0101_S_cl_4_047C8289.png",
          "value": 0.928979
        },
        {
          "id": "047D94A8",
          "color": "7D94A8",
          "image": "Moss0101_S_cl_4_047D94A8.png",
          "value": 0.0432383
        }
        ]
      },
      {
        "id": "037D92A4",
        "color": "7D92A4",
        "image": "Moss0101_S_cl_3_037D92A4.png",
        "value": 0.365614,
        "children": [
        {
          "id": "047C8289",
          "color": "7C8289",
          "image": "Moss0101_S_cl_4_047C8289.png",
          "value": 0.538044
        },
        {
          "id": "047D94A8",
          "color": "7D94A8",
          "image": "Moss0101_S_cl_4_047D94A8.png",
          "value": 0.461956
        }
        ]
      }
      ]
    }
    ]
  },
  {
    "id": "015F5F58",
    "color": "5F5F58",
    "image": "Moss0101_S_cl_1_015F5F58.png",
    "value": 0.104459,
    "children": [
    {
      "id": "0241454C",
      "color": "41454C",
      "image": "Moss0101_S_cl_2_0241454C.png",
      "value": 0.338827,
      "children": [
      {
        "id": "03303338",
        "color": "303338",
        "image": "Moss0101_S_cl_3_03303338.png",
        "value": 0.15553,
        "children": [
        {
          "id": "042B2D2F",
          "color": "2B2D2F",
          "image": "Moss0101_S_cl_4_042B2D2F.png",
          "value": 0.895065
        },
        {
          "id": "04656E3E",
          "color": "656E3E",
          "image": "Moss0101_S_cl_4_04656E3E.png",
          "value": 0.0350649
        },
        {
          "id": "047C8289",
          "color": "7C8289",
          "image": "Moss0101_S_cl_4_047C8289.png",
          "value": 0.0698701
        }
        ]
      },
      {
        "id": "034F565F",
        "color": "4F565F",
        "image": "Moss0101_S_cl_3_034F565F.png",
        "value": 0.82415,
        "children": [
        {
          "id": "042B2D2F",
          "color": "2B2D2F",
          "image": "Moss0101_S_cl_4_042B2D2F.png",
          "value": 0.115975
        },
        {
          "id": "043E444F",
          "color": "3E444F",
          "image": "Moss0101_S_cl_4_043E444F.png",
          "value": 0.399539
        },
        {
          "id": "0459636F",
          "color": "59636F",
          "image": "Moss0101_S_cl_4_0459636F.png",
          "value": 0.470418
        },
        {
          "id": "047C8289",
          "color": "7C8289",
          "image": "Moss0101_S_cl_4_047C8289.png",
          "value": 0.0140679
        }
        ]
      },
      {
        "id": "03778047",
        "color": "778047",
        "image": "Moss0101_S_cl_3_03778047.png",
        "value": 0.0203199,
        "children": [
        {
          "id": "0490974B",
          "color": "90974B",
          "image": "Moss0101_S_cl_4_0490974B.png",
          "value": 1
        }
        ]
      }
      ]
    },
    {
      "id": "025D6053",
      "color": "5D6053",
      "image": "Moss0101_S_cl_2_025D6053.png",
      "value": 0.340976,
      "children": [
      {
        "id": "03303338",
        "color": "303338",
        "image": "Moss0101_S_cl_3_03303338.png",
        "value": 0.109911,
        "children": [
        {
          "id": "042B2D2F",
          "color": "2B2D2F",
          "image": "Moss0101_S_cl_4_042B2D2F.png",
          "value": 0.831994
        },
        {
          "id": "04656E3E",
          "color": "656E3E",
          "image": "Moss0101_S_cl_4_04656E3E.png",
          "value": 0.0354273
        },
        {
          "id": "047C8289",
          "color": "7C8289",
          "image": "Moss0101_S_cl_4_047C8289.png",
          "value": 0.132579
        }
        ]
      },
      {
        "id": "034F565F",
        "color": "4F565F",
        "image": "Moss0101_S_cl_3_034F565F.png",
        "value": 0.59279,
        "children": [
        {
          "id": "042B2D2F",
          "color": "2B2D2F",
          "image": "Moss0101_S_cl_4_042B2D2F.png",
          "value": 0.142886
        },
        {
          "id": "043E444F",
          "color": "3E444F",
          "image": "Moss0101_S_cl_4_043E444F.png",
          "value": 0.407056
        },
        {
          "id": "0459636F",
          "color": "59636F",
          "image": "Moss0101_S_cl_4_0459636F.png",
          "value": 0.174104
        },
        {
          "id": "04656E3E",
          "color": "656E3E",
          "image": "Moss0101_S_cl_4_04656E3E.png",
          "value": 0.0219408
        },
        {
          "id": "047C8289",
          "color": "7C8289",
          "image": "Moss0101_S_cl_4_047C8289.png",
          "value": 0.227873
        },
        {
          "id": "0490974B",
          "color": "90974B",
          "image": "Moss0101_S_cl_4_0490974B.png",
          "value": 0.0261394
        }
        ]
      },
      {
        "id": "036A7582",
        "color": "6A7582",
        "image": "Moss0101_S_cl_3_036A7582.png",
        "value": 0.106218,
        "children": [
        {
          "id": "042B2D2F",
          "color": "2B2D2F",
          "image": "Moss0101_S_cl_4_042B2D2F.png",
          "value": 0.106954
        },
        {
          "id": "0459636F",
          "color": "59636F",
          "image": "Moss0101_S_cl_4_0459636F.png",
          "value": 0.368859
        },
        {
          "id": "047C8289",
          "color": "7C8289",
          "image": "Moss0101_S_cl_4_047C8289.png",
          "value": 0.524187
        }
        ]
      },
      {
        "id": "03778047",
        "color": "778047",
        "image": "Moss0101_S_cl_3_03778047.png",
        "value": 0.128658,
        "children": [
        {
          "id": "042B2D2F",
          "color": "2B2D2F",
          "image": "Moss0101_S_cl_4_042B2D2F.png",
          "value": 0.207488
        },
        {
          "id": "043E444F",
          "color": "3E444F",
          "image": "Moss0101_S_cl_4_043E444F.png",
          "value": 0.189704
        },
        {
          "id": "0459636F",
          "color": "59636F",
          "image": "Moss0101_S_cl_4_0459636F.png",
          "value": 0.132605
        },
        {
          "id": "04656E3E",
          "color": "656E3E",
          "image": "Moss0101_S_cl_4_04656E3E.png",
          "value": 0.0842434
        },
        {
          "id": "0490974B",
          "color": "90974B",
          "image": "Moss0101_S_cl_4_0490974B.png",
          "value": 0.385959
        }
        ]
      },
      {
        "id": "03989946",
        "color": "989946",
        "image": "Moss0101_S_cl_3_03989946.png",
        "value": 0.0624222,
        "children": [
        {
          "id": "0490974B",
          "color": "90974B",
          "image": "Moss0101_S_cl_4_0490974B.png",
          "value": 1
        }
        ]
      }
      ]
    },
    {
      "id": "02777F89",
      "color": "777F89",
      "image": "Moss0101_S_cl_2_02777F89.png",
      "value": 0.272715,
      "children": [
      {
        "id": "034F565F",
        "color": "4F565F",
        "image": "Moss0101_S_cl_3_034F565F.png",
        "value": 0.319113,
        "children": [
        {
          "id": "043E444F",
          "color": "3E444F",
          "image": "Moss0101_S_cl_4_043E444F.png",
          "value": 0.147373
        },
        {
          "id": "0459636F",
          "color": "59636F",
          "image": "Moss0101_S_cl_4_0459636F.png",
          "value": 0.628657
        },
        {
          "id": "047C8289",
          "color": "7C8289",
          "image": "Moss0101_S_cl_4_047C8289.png",
          "value": 0.22397
        }
        ]
      },
      {
        "id": "036A7582",
        "color": "6A7582",
        "image": "Moss0101_S_cl_3_036A7582.png",
        "value": 0.680887,
        "children": [
        {
          "id": "0459636F",
          "color": "59636F",
          "image": "Moss0101_S_cl_4_0459636F.png",
          "value": 0.128778
        },
        {
          "id": "047C8289",
          "color": "7C8289",
          "image": "Moss0101_S_cl_4_047C8289.png",
          "value": 0.871222
        }
        ]
      }
      ]
    },
    {
      "id": "02828846",
      "color": "828846",
      "image": "Moss0101_S_cl_2_02828846.png",
      "value": 0.0474828,
      "children": [
      {
        "id": "03778047",
        "color": "778047",
        "image": "Moss0101_S_cl_3_03778047.png",
        "value": 1,
        "children": [
        {
          "id": "04656E3E",
          "color": "656E3E",
          "image": "Moss0101_S_cl_4_04656E3E.png",
          "value": 0.151629
        },
        {
          "id": "0490974B",
          "color": "90974B",
          "image": "Moss0101_S_cl_4_0490974B.png",
          "value": 0.848371
        }
        ]
      }
      ]
    }
    ]
  },
  {
    "id": "01748596",
    "color": "748596",
    "image": "Moss0101_S_cl_1_01748596.png",
    "value": 0.106724,
    "children": [
    {
      "id": "0257616F",
      "color": "57616F",
      "image": "Moss0101_S_cl_2_0257616F.png",
      "value": 0.182806,
      "children": [
      {
        "id": "034F565F",
        "color": "4F565F",
        "image": "Moss0101_S_cl_3_034F565F.png",
        "value": 0.512202,
        "children": [
        {
          "id": "0459636F",
          "color": "59636F",
          "image": "Moss0101_S_cl_4_0459636F.png",
          "value": 1
        }
        ]
      },
      {
        "id": "036A7582",
        "color": "6A7582",
        "image": "Moss0101_S_cl_3_036A7582.png",
        "value": 0.285453,
        "children": [
        {
          "id": "043E444F",
          "color": "3E444F",
          "image": "Moss0101_S_cl_4_043E444F.png",
          "value": 0.196149
        },
        {
          "id": "0459636F",
          "color": "59636F",
          "image": "Moss0101_S_cl_4_0459636F.png",
          "value": 0.23697
        },
        {
          "id": "047C8289",
          "color": "7C8289",
          "image": "Moss0101_S_cl_4_047C8289.png",
          "value": 0.300899
        },
        {
          "id": "047D94A8",
          "color": "7D94A8",
          "image": "Moss0101_S_cl_4_047D94A8.png",
          "value": 0.265982
        }
        ]
      },
      {
        "id": "037D92A4",
        "color": "7D92A4",
        "image": "Moss0101_S_cl_3_037D92A4.png",
        "value": 0.202345,
        "children": [
        {
          "id": "047D94A8",
          "color": "7D94A8",
          "image": "Moss0101_S_cl_4_047D94A8.png",
          "value": 1
        }
        ]
      }
      ]
    },
    {
      "id": "02718A9E",
      "color": "718A9E",
      "image": "Moss0101_S_cl_2_02718A9E.png",
      "value": 0.425337,
      "children": [
      {
        "id": "034F565F",
        "color": "4F565F",
        "image": "Moss0101_S_cl_3_034F565F.png",
        "value": 0.0108668,
        "children": [
        {
          "id": "0459636F",
          "color": "59636F",
          "image": "Moss0101_S_cl_4_0459636F.png",
          "value": 1
        }
        ]
      },
      {
        "id": "036A7582",
        "color": "6A7582",
        "image": "Moss0101_S_cl_3_036A7582.png",
        "value": 0.315295,
        "children": [
        {
          "id": "043E444F",
          "color": "3E444F",
          "image": "Moss0101_S_cl_4_043E444F.png",
          "value": 0.0344655
        },
        {
          "id": "0459636F",
          "color": "59636F",
          "image": "Moss0101_S_cl_4_0459636F.png",
          "value": 0.305495
        },
        {
          "id": "047C8289",
          "color": "7C8289",
          "image": "Moss0101_S_cl_4_047C8289.png",
          "value": 0.0551449
        },
        {
          "id": "047D94A8",
          "color": "7D94A8",
          "image": "Moss0101_S_cl_4_047D94A8.png",
          "value": 0.604895
        }
        ]
      },
      {
        "id": "037D92A4",
        "color": "7D92A4",
        "image": "Moss0101_S_cl_3_037D92A4.png",
        "value": 0.673838,
        "children": [
        {
          "id": "0459636F",
          "color": "59636F",
          "image": "Moss0101_S_cl_4_0459636F.png",
          "value": 0.02814
        },
        {
          "id": "047D94A8",
          "color": "7D94A8",
          "image": "Moss0101_S_cl_4_047D94A8.png",
          "value": 0.97186
        }
        ]
      }
      ]
    },
    {
      "id": "02777F89",
      "color": "777F89",
      "image": "Moss0101_S_cl_2_02777F89.png",
      "value": 0.391857,
      "children": [
      {
        "id": "03303338",
        "color": "303338",
        "image": "Moss0101_S_cl_3_03303338.png",
        "value": 0.0327533,
        "children": [
        {
          "id": "043E444F",
          "color": "3E444F",
          "image": "Moss0101_S_cl_4_043E444F.png",
          "value": 1
        }
        ]
      },
      {
        "id": "034F565F",
        "color": "4F565F",
        "image": "Moss0101_S_cl_3_034F565F.png",
        "value": 0.040651,
        "children": [
        {
          "id": "043E444F",
          "color": "3E444F",
          "image": "Moss0101_S_cl_4_043E444F.png",
          "value": 0.730866
        },
        {
          "id": "0490974B",
          "color": "90974B",
          "image": "Moss0101_S_cl_4_0490974B.png",
          "value": 0.269134
        }
        ]
      },
      {
        "id": "036A7582",
        "color": "6A7582",
        "image": "Moss0101_S_cl_3_036A7582.png",
        "value": 0.482922,
        "children": [
        {
          "id": "043E444F",
          "color": "3E444F",
          "image": "Moss0101_S_cl_4_043E444F.png",
          "value": 0.0724248
        },
        {
          "id": "0459636F",
          "color": "59636F",
          "image": "Moss0101_S_cl_4_0459636F.png",
          "value": 0.439575
        },
        {
          "id": "047C8289",
          "color": "7C8289",
          "image": "Moss0101_S_cl_4_047C8289.png",
          "value": 0.362619
        },
        {
          "id": "047D94A8",
          "color": "7D94A8",
          "image": "Moss0101_S_cl_4_047D94A8.png",
          "value": 0.125381
        }
        ]
      },
      {
        "id": "037D92A4",
        "color": "7D92A4",
        "image": "Moss0101_S_cl_3_037D92A4.png",
        "value": 0.443673,
        "children": [
        {
          "id": "0459636F",
          "color": "59636F",
          "image": "Moss0101_S_cl_4_0459636F.png",
          "value": 0.0990213
        },
        {
          "id": "047C8289",
          "color": "7C8289",
          "image": "Moss0101_S_cl_4_047C8289.png",
          "value": 0.261771
        },
        {
          "id": "047D94A8",
          "color": "7D94A8",
          "image": "Moss0101_S_cl_4_047D94A8.png",
          "value": 0.639208
        }
        ]
      }
      ]
    }
    ]
  },
  {
    "id": "0176854B",
    "color": "76854B",
    "image": "Moss0101_S_cl_1_0176854B.png",
    "value": 0.0634494,
    "children": [
    {
      "id": "02828846",
      "color": "828846",
      "image": "Moss0101_S_cl_2_02828846.png",
      "value": 1,
      "children": [
      {
        "id": "03303338",
        "color": "303338",
        "image": "Moss0101_S_cl_3_03303338.png",
        "value": 0.0117406,
        "children": [
        {
          "id": "042B2D2F",
          "color": "2B2D2F",
          "image": "Moss0101_S_cl_4_042B2D2F.png",
          "value": 0.769674
        },
        {
          "id": "04656E3E",
          "color": "656E3E",
          "image": "Moss0101_S_cl_4_04656E3E.png",
          "value": 0.230326
        }
        ]
      },
      {
        "id": "03778047",
        "color": "778047",
        "image": "Moss0101_S_cl_3_03778047.png",
        "value": 0.946638,
        "children": [
        {
          "id": "042B2D2F",
          "color": "2B2D2F",
          "image": "Moss0101_S_cl_4_042B2D2F.png",
          "value": 0.00992668
        },
        {
          "id": "04656E3E",
          "color": "656E3E",
          "image": "Moss0101_S_cl_4_04656E3E.png",
          "value": 0.346862
        },
        {
          "id": "0490974B",
          "color": "90974B",
          "image": "Moss0101_S_cl_4_0490974B.png",
          "value": 0.643211
        }
        ]
      },
      {
        "id": "03989946",
        "color": "989946",
        "image": "Moss0101_S_cl_3_03989946.png",
        "value": 0.0416216,
        "children": [
        {
          "id": "0490974B",
          "color": "90974B",
          "image": "Moss0101_S_cl_4_0490974B.png",
          "value": 1
        }
        ]
      }
      ]
    }
    ]
  },
  {
    "id": "017B8587",
    "color": "7B8587",
    "image": "Moss0101_S_cl_1_017B8587.png",
    "value": 0.0645318,
    "children": [
    {
      "id": "02777F89",
      "color": "777F89",
      "image": "Moss0101_S_cl_2_02777F89.png",
      "value": 0.848603,
      "children": [
      {
        "id": "03303338",
        "color": "303338",
        "image": "Moss0101_S_cl_3_03303338.png",
        "value": 0.0976762,
        "children": [
        {
          "id": "042B2D2F",
          "color": "2B2D2F",
          "image": "Moss0101_S_cl_4_042B2D2F.png",
          "value": 0.963111
        },
        {
          "id": "0490974B",
          "color": "90974B",
          "image": "Moss0101_S_cl_4_0490974B.png",
          "value": 0.0368885
        }
        ]
      },
      {
        "id": "036A7582",
        "color": "6A7582",
        "image": "Moss0101_S_cl_3_036A7582.png",
        "value": 0.529974,
        "children": [
        {
          "id": "042B2D2F",
          "color": "2B2D2F",
          "image": "Moss0101_S_cl_4_042B2D2F.png",
          "value": 0.0161592
        },
        {
          "id": "043E444F",
          "color": "3E444F",
          "image": "Moss0101_S_cl_4_043E444F.png",
          "value": 0.0274904
        },
        {
          "id": "0459636F",
          "color": "59636F",
          "image": "Moss0101_S_cl_4_0459636F.png",
          "value": 0.273081
        },
        {
          "id": "047C8289",
          "color": "7C8289",
          "image": "Moss0101_S_cl_4_047C8289.png",
          "value": 0.431964
        },
        {
          "id": "047D94A8",
          "color": "7D94A8",
          "image": "Moss0101_S_cl_4_047D94A8.png",
          "value": 0.251306
        }
        ]
      },
      {
        "id": "037D92A4",
        "color": "7D92A4",
        "image": "Moss0101_S_cl_3_037D92A4.png",
        "value": 0.37235,
        "children": [
        {
          "id": "0459636F",
          "color": "59636F",
          "image": "Moss0101_S_cl_4_0459636F.png",
          "value": 0.00273473
        },
        {
          "id": "047C8289",
          "color": "7C8289",
          "image": "Moss0101_S_cl_4_047C8289.png",
          "value": 0.421359
        },
        {
          "id": "047D94A8",
          "color": "7D94A8",
          "image": "Moss0101_S_cl_4_047D94A8.png",
          "value": 0.575906
        }
        ]
      }
      ]
    },
    {
      "id": "02828846",
      "color": "828846",
      "image": "Moss0101_S_cl_2_02828846.png",
      "value": 0.151397,
      "children": [
      {
        "id": "03778047",
        "color": "778047",
        "image": "Moss0101_S_cl_3_03778047.png",
        "value": 0.552466,
        "children": [
        {
          "id": "042B2D2F",
          "color": "2B2D2F",
          "image": "Moss0101_S_cl_4_042B2D2F.png",
          "value": 0.191258
        },
        {
          "id": "04656E3E",
          "color": "656E3E",
          "image": "Moss0101_S_cl_4_04656E3E.png",
          "value": 0.050596
        },
        {
          "id": "0490974B",
          "color": "90974B",
          "image": "Moss0101_S_cl_4_0490974B.png",
          "value": 0.758146
        }
        ]
      },
      {
        "id": "03989946",
        "color": "989946",
        "image": "Moss0101_S_cl_3_03989946.png",
        "value": 0.447534,
        "children": [
        {
          "id": "0490974B",
          "color": "90974B",
          "image": "Moss0101_S_cl_4_0490974B.png",
          "value": 1
        }
        ]
      }
      ]
    }
    ]
  },
  {
    "id": "0189883F",
    "color": "89883F",
    "image": "Moss0101_S_cl_1_0189883F.png",
    "value": 0.0816295,
    "children": [
    {
      "id": "02828846",
      "color": "828846",
      "image": "Moss0101_S_cl_2_02828846.png",
      "value": 1,
      "children": [
      {
        "id": "03303338",
        "color": "303338",
        "image": "Moss0101_S_cl_3_03303338.png",
        "value": 0.018707,
        "children": [
        {
          "id": "042B2D2F",
          "color": "2B2D2F",
          "image": "Moss0101_S_cl_4_042B2D2F.png",
          "value": 1
        }
        ]
      },
      {
        "id": "034F565F",
        "color": "4F565F",
        "image": "Moss0101_S_cl_3_034F565F.png",
        "value": 0.0289187,
        "children": [
        {
          "id": "042B2D2F",
          "color": "2B2D2F",
          "image": "Moss0101_S_cl_4_042B2D2F.png",
          "value": 0.584494
        },
        {
          "id": "0459636F",
          "color": "59636F",
          "image": "Moss0101_S_cl_4_0459636F.png",
          "value": 0.333131
        },
        {
          "id": "047C8289",
          "color": "7C8289",
          "image": "Moss0101_S_cl_4_047C8289.png",
          "value": 0.0823743
        }
        ]
      },
      {
        "id": "03778047",
        "color": "778047",
        "image": "Moss0101_S_cl_3_03778047.png",
        "value": 0.3283,
        "children": [
        {
          "id": "042B2D2F",
          "color": "2B2D2F",
          "image": "Moss0101_S_cl_4_042B2D2F.png",
          "value": 0.12634
        },
        {
          "id": "043E444F",
          "color": "3E444F",
          "image": "Moss0101_S_cl_4_043E444F.png",
          "value": 0.0376674
        },
        {
          "id": "04656E3E",
          "color": "656E3E",
          "image": "Moss0101_S_cl_4_04656E3E.png",
          "value": 0.152003
        },
        {
          "id": "0490974B",
          "color": "90974B",
          "image": "Moss0101_S_cl_4_0490974B.png",
          "value": 0.683989
        }
        ]
      },
      {
        "id": "03989946",
        "color": "989946",
        "image": "Moss0101_S_cl_3_03989946.png",
        "value": 0.624074,
        "children": [
        {
          "id": "04656E3E",
          "color": "656E3E",
          "image": "Moss0101_S_cl_4_04656E3E.png",
          "value": 0.102753
        },
        {
          "id": "0490974B",
          "color": "90974B",
          "image": "Moss0101_S_cl_4_0490974B.png",
          "value": 0.897247
        }
        ]
      }
      ]
    }
    ]
  }
  ]
}