{
  "id": "00000000",
  "color": "000000",
  "image": "coral_cts.png",
  "value": 1,
  "children": [
  {
    "id": "01623A2A",
    "color": "623A2A",
    "image": "coral_cts_cl_1_01623A2A.png",
    "value": 0.246684,
    "children": [
    {
      "id": "02533024",
      "color": "533024",
      "image": "coral_cts_cl_2_02533024.png",
      "value": 0.669836,
      "children": [
      {
        "id": "03412720",
        "color": "412720",
        "image": "coral_cts_cl_3_03412720.png",
        "value": 0.465034,
        "children": [
        {
          "id": "0439231D",
          "color": "39231D",
          "image": "coral_cts_cl_4_0439231D.png",
          "value": 0.518163
        },
        {
          "id": "044D2D22",
          "color": "4D2D22",
          "image": "coral_cts_cl_4_044D2D22.png",
          "value": 0.481837
        }
        ]
      },
      {
        "id": "03532F23",
        "color": "532F23",
        "image": "coral_cts_cl_3_03532F23.png",
        "value": 0.19634,
        "children": [
        {
          "id": "0439231D",
          "color": "39231D",
          "image": "coral_cts_cl_4_0439231D.png",
          "value": 0.0472146
        },
        {
          "id": "044D2D22",
          "color": "4D2D22",
          "image": "coral_cts_cl_4_044D2D22.png",
          "value": 0.808816
        },
        {
          "id": "04663926",
          "color": "663926",
          "image": "coral_cts_cl_4_04663926.png",
          "value": 0.132747
        },
        {
          "id": "04885741",
          "color": "885741",
          "image": "coral_cts_cl_4_04885741.png",
          "value": 0.0112223
        }
        ]
      },
      {
        "id": "03673B29",
        "color": "673B29",
        "image": "coral_cts_cl_3_03673B29.png",
        "value": 0.330171,
        "children": [
        {
          "id": "044D2D22",
          "color": "4D2D22",
          "image": "coral_cts_cl_4_044D2D22.png",
          "value": 0.0927674
        },
        {
          "id": "04663926",
          "color": "663926",
          "image": "coral_cts_cl_4_04663926.png",
          "value": 0.768593
        },
        {
          "id": "047F472C",
          "color": "7F472C",
          "image": "coral_cts_cl_4_047F472C.png",
          "value": 0.106355
        },
        {
          "id": "04885741",
          "color": "885741",
          "image": "coral_cts_cl_4_04885741.png",
          "value": 0.0226057
        },
        {
          "id": "04955633",
          "color": "955633",
          "image": "coral_cts_cl_4_04955633.png",
          "value": 0.00967955
        }
        ]
      },
      {
        "id": "03814B30",
        "color": "814B30",
        "image": "coral_cts_cl_3_03814B30.png",
        "value": 0.00845624,
        "children": [
        {
          "id": "04885741",
          "color": "885741",
          "image": "coral_cts_cl_4_04885741.png",
          "value": 1
        }
        ]
      }
      ]
    },
    {
      "id": "028B5234",
      "color": "8B5234",
      "image": "coral_cts_cl_2_028B5234.png",
      "value": 0.330164,
      "children": [
      {
        "id": "03673B29",
        "color": "673B29",
        "image": "coral_cts_cl_3_03673B29.png",
        "value": 0.153155,
        "children": [
        {
          "id": "044D2D22",
          "color": "4D2D22",
          "image": "coral_cts_cl_4_044D2D22.png",
          "value": 0.058112
        },
        {
          "id": "04663926",
          "color": "663926",
          "image": "coral_cts_cl_4_04663926.png",
          "value": 0.728109
        },
        {
          "id": "047F472C",
          "color": "7F472C",
          "image": "coral_cts_cl_4_047F472C.png",
          "value": 0.145412
        },
        {
          "id": "04885741",
          "color": "885741",
          "image": "coral_cts_cl_4_04885741.png",
          "value": 0.0683671
        }
        ]
      },
      {
        "id": "03814B30",
        "color": "814B30",
        "image": "coral_cts_cl_3_03814B30.png",
        "value": 0.565664,
        "children": [
        {
          "id": "044D2D22",
          "color": "4D2D22",
          "image": "coral_cts_cl_4_044D2D22.png",
          "value": 0.0110352
        },
        {
          "id": "04663926",
          "color": "663926",
          "image": "coral_cts_cl_4_04663926.png",
          "value": 0.164246
        },
        {
          "id": "047F472C",
          "color": "7F472C",
          "image": "coral_cts_cl_4_047F472C.png",
          "value": 0.415492
        },
        {
          "id": "04885741",
          "color": "885741",
          "image": "coral_cts_cl_4_04885741.png",
          "value": 0.0261996
        },
        {
          "id": "04955633",
          "color": "955633",
          "image": "coral_cts_cl_4_04955633.png",
          "value": 0.269329
        },
        {
          "id": "04B06B44",
          "color": "B06B44",
          "image": "coral_cts_cl_4_04B06B44.png",
          "value": 0.113698
        }
        ]
      },
      {
        "id": "038C4E30",
        "color": "8C4E30",
        "image": "coral_cts_cl_3_038C4E30.png",
        "value": 0.0921832,
        "children": [
        {
          "id": "047F472C",
          "color": "7F472C",
          "image": "coral_cts_cl_4_047F472C.png",
          "value": 0.119266
        },
        {
          "id": "04955633",
          "color": "955633",
          "image": "coral_cts_cl_4_04955633.png",
          "value": 0.880734
        }
        ]
      },
      {
        "id": "039E5F3A",
        "color": "9E5F3A",
        "image": "coral_cts_cl_3_039E5F3A.png",
        "value": 0.16713,
        "children": [
        {
          "id": "04663926",
          "color": "663926",
          "image": "coral_cts_cl_4_04663926.png",
          "value": 0.100723
        },
        {
          "id": "047F472C",
          "color": "7F472C",
          "image": "coral_cts_cl_4_047F472C.png",
          "value": 0.0638554
        },
        {
          "id": "04885741",
          "color": "885741",
          "image": "coral_cts_cl_4_04885741.png",
          "value": 0.1
        },
        {
          "id": "04955633",
          "color": "955633",
          "image": "coral_cts_cl_4_04955633.png",
          "value": 0.489398
        },
        {
          "id": "04C47E4E",
          "color": "C47E4E",
          "image": "coral_cts_cl_4_04C47E4E.png",
          "value": 0.246024
        }
        ]
      },
      {
        "id": "03B46E44",
        "color": "B46E44",
        "image": "coral_cts_cl_3_03B46E44.png",
        "value": 0.0218678,
        "children": [
        {
          "id": "04B06B44",
          "color": "B06B44",
          "image": "coral_cts_cl_4_04B06B44.png",
          "value": 0.640884
        },
        {
          "id": "04C47E4E",
          "color": "C47E4E",
          "image": "coral_cts_cl_4_04C47E4E.png",
          "value": 0.359116
        }
        ]
      }
      ]
    }
    ]
  },
  {
    "id": "01B57144",
    "color": "B57144",
    "image": "coral_cts_cl_1_01B57144.png",
    "value": 0.60297,
    "children": [
    {
      "id": "02533024",
      "color": "533024",
      "image": "coral_cts_cl_2_02533024.png",
      "value": 0.0233095,
      "children": [
      {
        "id": "03673B29",
        "color": "673B29",
        "image": "coral_cts_cl_3_03673B29.png",
        "value": 0.685414,
        "children": [
        {
          "id": "04663926",
          "color": "663926",
          "image": "coral_cts_cl_4_04663926.png",
          "value": 1
        }
        ]
      },
      {
        "id": "038C4E30",
        "color": "8C4E30",
        "image": "coral_cts_cl_3_038C4E30.png",
        "value": 0.314586,
        "children": [
        {
          "id": "047F472C",
          "color": "7F472C",
          "image": "coral_cts_cl_4_047F472C.png",
          "value": 0.767804
        },
        {
          "id": "04955633",
          "color": "955633",
          "image": "coral_cts_cl_4_04955633.png",
          "value": 0.232196
        }
        ]
      }
      ]
    },
    {
      "id": "028B5234",
      "color": "8B5234",
      "image": "coral_cts_cl_2_028B5234.png",
      "value": 0.242097,
      "children": [
      {
        "id": "03532F23",
        "color": "532F23",
        "image": "coral_cts_cl_3_03532F23.png",
        "value": 0.0111448,
        "children": [
        {
          "id": "044D2D22",
          "color": "4D2D22",
          "image": "coral_cts_cl_4_044D2D22.png",
          "value": 0.78629
        },
        {
          "id": "04663926",
          "color": "663926",
          "image": "coral_cts_cl_4_04663926.png",
          "value": 0.21371
        }
        ]
      },
      {
        "id": "03673B29",
        "color": "673B29",
        "image": "coral_cts_cl_3_03673B29.png",
        "value": 0.053612,
        "children": [
        {
          "id": "04663926",
          "color": "663926",
          "image": "coral_cts_cl_4_04663926.png",
          "value": 0.774099
        },
        {
          "id": "04885741",
          "color": "885741",
          "image": "coral_cts_cl_4_04885741.png",
          "value": 0.225901
        }
        ]
      },
      {
        "id": "03814B30",
        "color": "814B30",
        "image": "coral_cts_cl_3_03814B30.png",
        "value": 0.229705,
        "children": [
        {
          "id": "04663926",
          "color": "663926",
          "image": "coral_cts_cl_4_04663926.png",
          "value": 0.270175
        },
        {
          "id": "047F472C",
          "color": "7F472C",
          "image": "coral_cts_cl_4_047F472C.png",
          "value": 0.490561
        },
        {
          "id": "04885741",
          "color": "885741",
          "image": "coral_cts_cl_4_04885741.png",
          "value": 0.0629952
        },
        {
          "id": "04955633",
          "color": "955633",
          "image": "coral_cts_cl_4_04955633.png",
          "value": 0.108774
        },
        {
          "id": "04B06B44",
          "color": "B06B44",
          "image": "coral_cts_cl_4_04B06B44.png",
          "value": 0.0481268
        },
        {
          "id": "04C47E4E",
          "color": "C47E4E",
          "image": "coral_cts_cl_4_04C47E4E.png",
          "value": 0.0193681
        }
        ]
      },
      {
        "id": "038C4E30",
        "color": "8C4E30",
        "image": "coral_cts_cl_3_038C4E30.png",
        "value": 0.319357,
        "children": [
        {
          "id": "04663926",
          "color": "663926",
          "image": "coral_cts_cl_4_04663926.png",
          "value": 0.0420038
        },
        {
          "id": "047F472C",
          "color": "7F472C",
          "image": "coral_cts_cl_4_047F472C.png",
          "value": 0.366495
        },
        {
          "id": "04955633",
          "color": "955633",
          "image": "coral_cts_cl_4_04955633.png",
          "value": 0.52058
        },
        {
          "id": "04B06B44",
          "color": "B06B44",
          "image": "coral_cts_cl_4_04B06B44.png",
          "value": 0.070921
        }
        ]
      },
      {
        "id": "039E5F3A",
        "color": "9E5F3A",
        "image": "coral_cts_cl_3_039E5F3A.png",
        "value": 0.346029,
        "children": [
        {
          "id": "04663926",
          "color": "663926",
          "image": "coral_cts_cl_4_04663926.png",
          "value": 0.0195455
        },
        {
          "id": "047F472C",
          "color": "7F472C",
          "image": "coral_cts_cl_4_047F472C.png",
          "value": 0.0708442
        },
        {
          "id": "04955633",
          "color": "955633",
          "image": "coral_cts_cl_4_04955633.png",
          "value": 0.550779
        },
        {
          "id": "04B06B44",
          "color": "B06B44",
          "image": "coral_cts_cl_4_04B06B44.png",
          "value": 0.325065
        },
        {
          "id": "04BF702A",
          "color": "BF702A",
          "image": "coral_cts_cl_4_04BF702A.png",
          "value": 0.0124026
        },
        {
          "id": "04C47E4E",
          "color": "C47E4E",
          "image": "coral_cts_cl_4_04C47E4E.png",
          "value": 0.0213636
        }
        ]
      },
      {
        "id": "03B46E44",
        "color": "B46E44",
        "image": "coral_cts_cl_3_03B46E44.png",
        "value": 0.024222,
        "children": [
        {
          "id": "04B06B44",
          "color": "B06B44",
          "image": "coral_cts_cl_4_04B06B44.png",
          "value": 0.612245
        },
        {
          "id": "04C47E4E",
          "color": "C47E4E",
          "image": "coral_cts_cl_4_04C47E4E.png",
          "value": 0.387755
        }
        ]
      },
      {
        "id": "03CC7C2B",
        "color": "CC7C2B",
        "image": "coral_cts_cl_3_03CC7C2B.png",
        "value": 0.0159308,
        "children": [
        {
          "id": "04C47E4E",
          "color": "C47E4E",
          "image": "coral_cts_cl_4_04C47E4E.png",
          "value": 0.708039
        },
        {
          "id": "04F2A02F",
          "color": "F2A02F",
          "image": "coral_cts_cl_4_04F2A02F.png",
          "value": 0.291961
        }
        ]
      }
      ]
    },
    {
      "id": "02BD7748",
      "color": "BD7748",
      "image": "coral_cts_cl_2_02BD7748.png",
      "value": 0.547454,
      "children": [
      {
        "id": "03814B30",
        "color": "814B30",
        "image": "coral_cts_cl_3_03814B30.png",
        "value": 0.00287165,
        "children": [
        {
          "id": "047F472C",
          "color": "7F472C",
          "image": "coral_cts_cl_4_047F472C.png",
          "value": 1
        }
        ]
      },
      {
        "id": "038C4E30",
        "color": "8C4E30",
        "image": "coral_cts_cl_3_038C4E30.png",
        "value": 0.00833673,
        "children": [
        {
          "id": "04955633",
          "color": "955633",
          "image": "coral_cts_cl_4_04955633.png",
          "value": 1
        }
        ]
      },
      {
        "id": "039E5F3A",
        "color": "9E5F3A",
        "image": "coral_cts_cl_3_039E5F3A.png",
        "value": 0.111607,
        "children": [
        {
          "id": "04663926",
          "color": "663926",
          "image": "coral_cts_cl_4_04663926.png",
          "value": 0.0137108
        },
        {
          "id": "047F472C",
          "color": "7F472C",
          "image": "coral_cts_cl_4_047F472C.png",
          "value": 0.0365919
        },
        {
          "id": "04955633",
          "color": "955633",
          "image": "coral_cts_cl_4_04955633.png",
          "value": 0.660524
        },
        {
          "id": "04B06B44",
          "color": "B06B44",
          "image": "coral_cts_cl_4_04B06B44.png",
          "value": 0.181179
        },
        {
          "id": "04C47E4E",
          "color": "C47E4E",
          "image": "coral_cts_cl_4_04C47E4E.png",
          "value": 0.0932158
        },
        {
          "id": "04DC9258",
          "color": "DC9258",
          "image": "coral_cts_cl_4_04DC9258.png",
          "value": 0.0147792
        }
        ]
      },
      {
        "id": "03B46E44",
        "color": "B46E44",
        "image": "coral_cts_cl_3_03B46E44.png",
        "value": 0.337265,
        "children": [
        {
          "id": "047F472C",
          "color": "7F472C",
          "image": "coral_cts_cl_4_047F472C.png",
          "value": 0.011608
        },
        {
          "id": "04885741",
          "color": "885741",
          "image": "coral_cts_cl_4_04885741.png",
          "value": 0.00524424
        },
        {
          "id": "04955633",
          "color": "955633",
          "image": "coral_cts_cl_4_04955633.png",
          "value": 0.132579
        },
        {
          "id": "04B06B44",
          "color": "B06B44",
          "image": "coral_cts_cl_4_04B06B44.png",
          "value": 0.431412
        },
        {
          "id": "04BF702A",
          "color": "BF702A",
          "image": "coral_cts_cl_4_04BF702A.png",
          "value": 0.0136998
        },
        {
          "id": "04C47E4E",
          "color": "C47E4E",
          "image": "coral_cts_cl_4_04C47E4E.png",
          "value": 0.393318
        },
        {
          "id": "04DC9258",
          "color": "DC9258",
          "image": "coral_cts_cl_4_04DC9258.png",
          "value": 0.0121384
        }
        ]
      },
      {
        "id": "03C88150",
        "color": "C88150",
        "image": "coral_cts_cl_3_03C88150.png",
        "value": 0.430589,
        "children": [
        {
          "id": "04955633",
          "color": "955633",
          "image": "coral_cts_cl_4_04955633.png",
          "value": 0.0100845
        },
        {
          "id": "04B06B44",
          "color": "B06B44",
          "image": "coral_cts_cl_4_04B06B44.png",
          "value": 0.146213
        },
        {
          "id": "04BF702A",
          "color": "BF702A",
          "image": "coral_cts_cl_4_04BF702A.png",
          "value": 0.00766142
        },
        {
          "id": "04C47E4E",
          "color": "C47E4E",
          "image": "coral_cts_cl_4_04C47E4E.png",
          "value": 0.57043
        },
        {
          "id": "04DC9258",
          "color": "DC9258",
          "image": "coral_cts_cl_4_04DC9258.png",
          "value": 0.251604
        },
        {
          "id": "04EDA763",
          "color": "EDA763",
          "image": "coral_cts_cl_4_04EDA763.png",
          "value": 0.0111691
        },
        {
          "id": "04F6C481",
          "color": "F6C481",
          "image": "coral_cts_cl_4_04F6C481.png",
          "value": 0.00283842
        }
        ]
      },
      {
        "id": "03CC7C2B",
        "color": "CC7C2B",
        "image": "coral_cts_cl_3_03CC7C2B.png",
        "value": 0.0211747,
        "children": [
        {
          "id": "04BF702A",
          "color": "BF702A",
          "image": "coral_cts_cl_4_04BF702A.png",
          "value": 0.940873
        },
        {
          "id": "04DC9258",
          "color": "DC9258",
          "image": "coral_cts_cl_4_04DC9258.png",
          "value": 0.0591272
        }
        ]
      },
      {
        "id": "03DC9357",
        "color": "DC9357",
        "image": "coral_cts_cl_3_03DC9357.png",
        "value": 0.0881567,
        "children": [
        {
          "id": "04BF702A",
          "color": "BF702A",
          "image": "coral_cts_cl_4_04BF702A.png",
          "value": 0.0761948
        },
        {
          "id": "04C47E4E",
          "color": "C47E4E",
          "image": "coral_cts_cl_4_04C47E4E.png",
          "value": 0.192967
        },
        {
          "id": "04DC9258",
          "color": "DC9258",
          "image": "coral_cts_cl_4_04DC9258.png",
          "value": 0.676059
        },
        {
          "id": "04EDA763",
          "color": "EDA763",
          "image": "coral_cts_cl_4_04EDA763.png",
          "value": 0.0547791
        }
        ]
      }
      ]
    },
    {
      "id": "02DB9053",
      "color": "DB9053",
      "image": "coral_cts_cl_2_02DB9053.png",
      "value": 0.187139,
      "children": [
      {
        "id": "039E5F3A",
        "color": "9E5F3A",
        "image": "coral_cts_cl_3_039E5F3A.png",
        "value": 0.0115691,
        "children": [
        {
          "id": "04955633",
          "color": "955633",
          "image": "coral_cts_cl_4_04955633.png",
          "value": 0.668342
        },
        {
          "id": "04BF702A",
          "color": "BF702A",
          "image": "coral_cts_cl_4_04BF702A.png",
          "value": 0.331658
        }
        ]
      },
      {
        "id": "03B46E44",
        "color": "B46E44",
        "image": "coral_cts_cl_3_03B46E44.png",
        "value": 0.0219173,
        "children": [
        {
          "id": "04C47E4E",
          "color": "C47E4E",
          "image": "coral_cts_cl_4_04C47E4E.png",
          "value": 1
        }
        ]
      },
      {
        "id": "03C88150",
        "color": "C88150",
        "image": "coral_cts_cl_3_03C88150.png",
        "value": 0.0790361,
        "children": [
        {
          "id": "04B06B44",
          "color": "B06B44",
          "image": "coral_cts_cl_4_04B06B44.png",
          "value": 0.51747
        },
        {
          "id": "04C47E4E",
          "color": "C47E4E",
          "image": "coral_cts_cl_4_04C47E4E.png",
          "value": 0.130195
        },
        {
          "id": "04DC9258",
          "color": "DC9258",
          "image": "coral_cts_cl_4_04DC9258.png",
          "value": 0.276572
        },
        {
          "id": "04F6C481",
          "color": "F6C481",
          "image": "coral_cts_cl_4_04F6C481.png",
          "value": 0.0757632
        }
        ]
      },
      {
        "id": "03CC7C2B",
        "color": "CC7C2B",
        "image": "coral_cts_cl_3_03CC7C2B.png",
        "value": 0.0723795,
        "children": [
        {
          "id": "04BF702A",
          "color": "BF702A",
          "image": "coral_cts_cl_4_04BF702A.png",
          "value": 0.635341
        },
        {
          "id": "04DC9258",
          "color": "DC9258",
          "image": "coral_cts_cl_4_04DC9258.png",
          "value": 0.364659
        }
        ]
      },
      {
        "id": "03DC9357",
        "color": "DC9357",
        "image": "coral_cts_cl_3_03DC9357.png",
        "value": 0.80039,
        "children": [
        {
          "id": "04955633",
          "color": "955633",
          "image": "coral_cts_cl_4_04955633.png",
          "value": 0.00497549
        },
        {
          "id": "04B06B44",
          "color": "B06B44",
          "image": "coral_cts_cl_4_04B06B44.png",
          "value": 0.0223352
        },
        {
          "id": "04BF702A",
          "color": "BF702A",
          "image": "coral_cts_cl_4_04BF702A.png",
          "value": 0.0424551
        },
        {
          "id": "04C47E4E",
          "color": "C47E4E",
          "image": "coral_cts_cl_4_04C47E4E.png",
          "value": 0.113674
        },
        {
          "id": "04DC9258",
          "color": "DC9258",
          "image": "coral_cts_cl_4_04DC9258.png",
          "value": 0.609261
        },
        {
          "id": "04EDA763",
          "color": "EDA763",
          "image": "coral_cts_cl_4_04EDA763.png",
          "value": 0.163319
        },
        {
          "id": "04F6C481",
          "color": "F6C481",
          "image": "coral_cts_cl_4_04F6C481.png",
          "value": 0.0378064
        },
        {
          "id": "04F8BE61",
          "color": "F8BE61",
          "image": "coral_cts_cl_4_04F8BE61.png",
          "value": 0.00617396
        }
        ]
      },
      {
        "id": "03F09E2F",
        "color": "F09E2F",
        "image": "coral_cts_cl_3_03F09E2F.png",
        "value": 0.0147084,
        "children": [
        {
          "id": "04F2A02F",
          "color": "F2A02F",
          "image": "coral_cts_cl_4_04F2A02F.png",
          "value": 1
        }
        ]
      }
      ]
    }
    ]
  },
  {
    "id": "01E89836",
    "color": "E89836",
    "image": "coral_cts_cl_1_01E89836.png",
    "value": 0.122315,
    "children": [
    {
      "id": "02DB9053",
      "color": "DB9053",
      "image": "coral_cts_cl_2_02DB9053.png",
      "value": 0.155587,
      "children": [
      {
        "id": "03CC7C2B",
        "color": "CC7C2B",
        "image": "coral_cts_cl_3_03CC7C2B.png",
        "value": 0.117373,
        "children": [
        {
          "id": "04BF702A",
          "color": "BF702A",
          "image": "coral_cts_cl_4_04BF702A.png",
          "value": 1
        }
        ]
      },
      {
        "id": "03DC9357",
        "color": "DC9357",
        "image": "coral_cts_cl_3_03DC9357.png",
        "value": 0.719579,
        "children": [
        {
          "id": "04955633",
          "color": "955633",
          "image": "coral_cts_cl_4_04955633.png",
          "value": 0.0306587
        },
        {
          "id": "04DC9258",
          "color": "DC9258",
          "image": "coral_cts_cl_4_04DC9258.png",
          "value": 0.506347
        },
        {
          "id": "04EDA763",
          "color": "EDA763",
          "image": "coral_cts_cl_4_04EDA763.png",
          "value": 0.42491
        },
        {
          "id": "04F6C481",
          "color": "F6C481",
          "image": "coral_cts_cl_4_04F6C481.png",
          "value": 0.0380838
        }
        ]
      },
      {
        "id": "03F09E2F",
        "color": "F09E2F",
        "image": "coral_cts_cl_3_03F09E2F.png",
        "value": 0.163047,
        "children": [
        {
          "id": "04EDA763",
          "color": "EDA763",
          "image": "coral_cts_cl_4_04EDA763.png",
          "value": 0.450317
        },
        {
          "id": "04F2A02F",
          "color": "F2A02F",
          "image": "coral_cts_cl_4_04F2A02F.png",
          "value": 0.396406
        },
        {
          "id": "04F6C481",
          "color": "F6C481",
          "image": "coral_cts_cl_4_04F6C481.png",
          "value": 0.153277
        }
        ]
      }
      ]
    },
    {
      "id": "02EA9E3E",
      "color": "EA9E3E",
      "image": "coral_cts_cl_2_02EA9E3E.png",
      "value": 0.844413,
      "children": [
      {
        "id": "03CC7C2B",
        "color": "CC7C2B",
        "image": "coral_cts_cl_3_03CC7C2B.png",
        "value": 0.26549,
        "children": [
        {
          "id": "04BF702A",
          "color": "BF702A",
          "image": "coral_cts_cl_4_04BF702A.png",
          "value": 0.399761
        },
        {
          "id": "04DA8123",
          "color": "DA8123",
          "image": "coral_cts_cl_4_04DA8123.png",
          "value": 0.509928
        },
        {
          "id": "04F2A02F",
          "color": "F2A02F",
          "image": "coral_cts_cl_4_04F2A02F.png",
          "value": 0.090311
        }
        ]
      },
      {
        "id": "03F09E2F",
        "color": "F09E2F",
        "image": "coral_cts_cl_3_03F09E2F.png",
        "value": 0.635365,
        "children": [
        {
          "id": "04BF702A",
          "color": "BF702A",
          "image": "coral_cts_cl_4_04BF702A.png",
          "value": 0.00879692
        },
        {
          "id": "04DA8123",
          "color": "DA8123",
          "image": "coral_cts_cl_4_04DA8123.png",
          "value": 0.0821213
        },
        {
          "id": "04F2A02F",
          "color": "F2A02F",
          "image": "coral_cts_cl_4_04F2A02F.png",
          "value": 0.875244
        },
        {
          "id": "04F6C481",
          "color": "F6C481",
          "image": "coral_cts_cl_4_04F6C481.png",
          "value": 0.0129955
        },
        {
          "id": "04F8BE61",
          "color": "F8BE61",
          "image": "coral_cts_cl_4_04F8BE61.png",
          "value": 0.0208427
        }
        ]
      },
      {
        "id": "03F4BC6C",
        "color": "F4BC6C",
        "image": "coral_cts_cl_3_03F4BC6C.png",
        "value": 0.0991457,
        "children": [
        {
          "id": "04BF702A",
          "color": "BF702A",
          "image": "coral_cts_cl_4_04BF702A.png",
          "value": 0.0301089
        },
        {
          "id": "04EDA763",
          "color": "EDA763",
          "image": "coral_cts_cl_4_04EDA763.png",
          "value": 0.201473
        },
        {
          "id": "04F2A02F",
          "color": "F2A02F",
          "image": "coral_cts_cl_4_04F2A02F.png",
          "value": 0.0493274
        },
        {
          "id": "04F6C481",
          "color": "F6C481",
          "image": "coral_cts_cl_4_04F6C481.png",
          "value": 0.209801
        },
        {
          "id": "04F8BE61",
          "color": "F8BE61",
          "image": "coral_cts_cl_4_04F8BE61.png",
          "value": 0.509289
        }
        ]
      }
      ]
    }
    ]
  },
  {
    "id": "01EEB66C",
    "color": "EEB66C",
    "image": "coral_cts_cl_1_01EEB66C.png",
    "value": 0.0280311,
    "children": [
    {
      "id": "02EA9E3E",
      "color": "EA9E3E",
      "image": "coral_cts_cl_2_02EA9E3E.png",
      "value": 1,
      "children": [
      {
        "id": "03DC9357",
        "color": "DC9357",
        "image": "coral_cts_cl_3_03DC9357.png",
        "value": 0.202551,
        "children": [
        {
          "id": "04B06B44",
          "color": "B06B44",
          "image": "coral_cts_cl_4_04B06B44.png",
          "value": 0.11554
        },
        {
          "id": "04DC9258",
          "color": "DC9258",
          "image": "coral_cts_cl_4_04DC9258.png",
          "value": 0.441941
        },
        {
          "id": "04EDA763",
          "color": "EDA763",
          "image": "coral_cts_cl_4_04EDA763.png",
          "value": 0.303293
        },
        {
          "id": "04F2A02F",
          "color": "F2A02F",
          "image": "coral_cts_cl_4_04F2A02F.png",
          "value": 0.0681687
        },
        {
          "id": "04F6C481",
          "color": "F6C481",
          "image": "coral_cts_cl_4_04F6C481.png",
          "value": 0.0710572
        }
        ]
      },
      {
        "id": "03F4BC6C",
        "color": "F4BC6C",
        "image": "coral_cts_cl_3_03F4BC6C.png",
        "value": 0.797449,
        "children": [
        {
          "id": "04DC9258",
          "color": "DC9258",
          "image": "coral_cts_cl_4_04DC9258.png",
          "value": 0.0246515
        },
        {
          "id": "04EDA763",
          "color": "EDA763",
          "image": "coral_cts_cl_4_04EDA763.png",
          "value": 0.202788
        },
        {
          "id": "04F6C481",
          "color": "F6C481",
          "image": "coral_cts_cl_4_04F6C481.png",
          "value": 0.502861
        },
        {
          "id": "04F8BE61",
          "color": "F8BE61",
          "image": "coral_cts_cl_4_04F8BE61.png",
          "value": 0.269699
        }
        ]
      }
      ]
    }
    ]
  }
  ]
}