{
  "id": "00000000",
  "color": "000000",
  "image": "river.png",
  "value": 1,
  "children": [
  {
    "id": "017E807D",
    "color": "7E807D",
    "image": "river_cl_1_017E807D.png",
    "value": 0.483318,
    "children": [
    {
      "id": "026D747B",
      "color": "6D747B",
      "image": "river_cl_2_026D747B.png",
      "value": 0.393721,
      "children": [
      {
        "id": "03545456",
        "color": "545456",
        "image": "river_cl_3_03545456.png",
        "value": 0.14566,
        "children": [
        {
          "id": "04474B4E",
          "color": "474B4E",
          "image": "river_cl_4_04474B4E.png",
          "value": 0.307625
        },
        {
          "id": "045B5C5C",
          "color": "5B5C5C",
          "image": "river_cl_4_045B5C5C.png",
          "value": 0.642251
        },
        {
          "id": "046A7380",
          "color": "6A7380",
          "image": "river_cl_4_046A7380.png",
          "value": 0.0338866
        },
        {
          "id": "047E9CC9",
          "color": "7E9CC9",
          "image": "river_cl_4_047E9CC9.png",
          "value": 0.0162366
        }
        ]
      },
      {
        "id": "03687282",
        "color": "687282",
        "image": "river_cl_3_03687282.png",
        "value": 0.15702,
        "children": [
        {
          "id": "04474B4E",
          "color": "474B4E",
          "image": "river_cl_4_04474B4E.png",
          "value": 0.0198023
        },
        {
          "id": "045B5C5C",
          "color": "5B5C5C",
          "image": "river_cl_4_045B5C5C.png",
          "value": 0.192476
        },
        {
          "id": "046A7380",
          "color": "6A7380",
          "image": "river_cl_4_046A7380.png",
          "value": 0.597162
        },
        {
          "id": "04868A86",
          "color": "868A86",
          "image": "river_cl_4_04868A86.png",
          "value": 0.130178
        },
        {
          "id": "0499B7E1",
          "color": "99B7E1",
          "image": "river_cl_4_0499B7E1.png",
          "value": 0.0603819
        }
        ]
      },
      {
        "id": "036C7071",
        "color": "6C7071",
        "image": "river_cl_3_036C7071.png",
        "value": 0.61105,
        "children": [
        {
          "id": "04474B4E",
          "color": "474B4E",
          "image": "river_cl_4_04474B4E.png",
          "value": 0.0125443
        },
        {
          "id": "045B5C5C",
          "color": "5B5C5C",
          "image": "river_cl_4_045B5C5C.png",
          "value": 0.30832
        },
        {
          "id": "046A7380",
          "color": "6A7380",
          "image": "river_cl_4_046A7380.png",
          "value": 0.194479
        },
        {
          "id": "046E706B",
          "color": "6E706B",
          "image": "river_cl_4_046E706B.png",
          "value": 0.264415
        },
        {
          "id": "047E9CC9",
          "color": "7E9CC9",
          "image": "river_cl_4_047E9CC9.png",
          "value": 0.00134773
        },
        {
          "id": "04868A86",
          "color": "868A86",
          "image": "river_cl_4_04868A86.png",
          "value": 0.167387
        },
        {
          "id": "04A6AAAC",
          "color": "A6AAAC",
          "image": "river_cl_4_04A6AAAC.png",
          "value": 0.0197149
        },
        {
          "id": "04AFA594",
          "color": "AFA594",
          "image": "river_cl_4_04AFA594.png",
          "value": 0.0317927
        }
        ]
      },
      {
        "id": "03808F9D",
        "color": "808F9D",
        "image": "river_cl_3_03808F9D.png",
        "value": 0.0455952,
        "children": [
        {
          "id": "045B5C5C",
          "color": "5B5C5C",
          "image": "river_cl_4_045B5C5C.png",
          "value": 0.124812
        },
        {
          "id": "047E9CC9",
          "color": "7E9CC9",
          "image": "river_cl_4_047E9CC9.png",
          "value": 0.0303346
        },
        {
          "id": "04879BB3",
          "color": "879BB3",
          "image": "river_cl_4_04879BB3.png",
          "value": 0.77469
        },
        {
          "id": "04AFA594",
          "color": "AFA594",
          "image": "river_cl_4_04AFA594.png",
          "value": 0.0701632
        }
        ]
      },
      {
        "id": "0385887F",
        "color": "85887F",
        "image": "river_cl_3_0385887F.png",
        "value": 0.0406751,
        "children": [
        {
          "id": "046E706B",
          "color": "6E706B",
          "image": "river_cl_4_046E706B.png",
          "value": 0.349903
        },
        {
          "id": "04868A86",
          "color": "868A86",
          "image": "river_cl_4_04868A86.png",
          "value": 0.531473
        },
        {
          "id": "04AFA594",
          "color": "AFA594",
          "image": "river_cl_4_04AFA594.png",
          "value": 0.118624
        }
        ]
      }
      ]
    },
    {
      "id": "02898C87",
      "color": "898C87",
      "image": "river_cl_2_02898C87.png",
      "value": 0.584619,
      "children": [
      {
        "id": "03687282",
        "color": "687282",
        "image": "river_cl_3_03687282.png",
        "value": 0.00236781,
        "children": [
        {
          "id": "046A7380",
          "color": "6A7380",
          "image": "river_cl_4_046A7380.png",
          "value": 1
        }
        ]
      },
      {
        "id": "036C7071",
        "color": "6C7071",
        "image": "river_cl_3_036C7071.png",
        "value": 0.13627,
        "children": [
        {
          "id": "04474B4E",
          "color": "474B4E",
          "image": "river_cl_4_04474B4E.png",
          "value": 0.029299
        },
        {
          "id": "045B5C5C",
          "color": "5B5C5C",
          "image": "river_cl_4_045B5C5C.png",
          "value": 0.46093
        },
        {
          "id": "046A7380",
          "color": "6A7380",
          "image": "river_cl_4_046A7380.png",
          "value": 0.0689817
        },
        {
          "id": "046E706B",
          "color": "6E706B",
          "image": "river_cl_4_046E706B.png",
          "value": 0.112317
        },
        {
          "id": "04868A86",
          "color": "868A86",
          "image": "river_cl_4_04868A86.png",
          "value": 0.301495
        },
        {
          "id": "04A6AAAC",
          "color": "A6AAAC",
          "image": "river_cl_4_04A6AAAC.png",
          "value": 0.026977
        }
        ]
      },
      {
        "id": "03808F9D",
        "color": "808F9D",
        "image": "river_cl_3_03808F9D.png",
        "value": 0.0858703,
        "children": [
        {
          "id": "045B5C5C",
          "color": "5B5C5C",
          "image": "river_cl_4_045B5C5C.png",
          "value": 0.0336604
        },
        {
          "id": "046A7380",
          "color": "6A7380",
          "image": "river_cl_4_046A7380.png",
          "value": 0.175962
        },
        {
          "id": "046E706B",
          "color": "6E706B",
          "image": "river_cl_4_046E706B.png",
          "value": 0.296361
        },
        {
          "id": "04868A86",
          "color": "868A86",
          "image": "river_cl_4_04868A86.png",
          "value": 0.222705
        },
        {
          "id": "04879BB3",
          "color": "879BB3",
          "image": "river_cl_4_04879BB3.png",
          "value": 0.108599
        },
        {
          "id": "04A6AAAC",
          "color": "A6AAAC",
          "image": "river_cl_4_04A6AAAC.png",
          "value": 0.136422
        },
        {
          "id": "04B0C4E1",
          "color": "B0C4E1",
          "image": "river_cl_4_04B0C4E1.png",
          "value": 0.0262907
        }
        ]
      },
      {
        "id": "0385887F",
        "color": "85887F",
        "image": "river_cl_3_0385887F.png",
        "value": 0.512701,
        "children": [
        {
          "id": "045B5C5C",
          "color": "5B5C5C",
          "image": "river_cl_4_045B5C5C.png",
          "value": 0.0570561
        },
        {
          "id": "046A7380",
          "color": "6A7380",
          "image": "river_cl_4_046A7380.png",
          "value": 0.00354347
        },
        {
          "id": "046E706B",
          "color": "6E706B",
          "image": "river_cl_4_046E706B.png",
          "value": 0.100639
        },
        {
          "id": "047F8261",
          "color": "7F8261",
          "image": "river_cl_4_047F8261.png",
          "value": 0.0900083
        },
        {
          "id": "04868A86",
          "color": "868A86",
          "image": "river_cl_4_04868A86.png",
          "value": 0.61422
        },
        {
          "id": "04879BB3",
          "color": "879BB3",
          "image": "river_cl_4_04879BB3.png",
          "value": 0.00317595
        },
        {
          "id": "04A6AAAC",
          "color": "A6AAAC",
          "image": "river_cl_4_04A6AAAC.png",
          "value": 0.0501702
        },
        {
          "id": "04AFA594",
          "color": "AFA594",
          "image": "river_cl_4_04AFA594.png",
          "value": 0.0811877
        }
        ]
      },
      {
        "id": "03A49D8F",
        "color": "A49D8F",
        "image": "river_cl_3_03A49D8F.png",
        "value": 0.262791,
        "children": [
        {
          "id": "045B5C5C",
          "color": "5B5C5C",
          "image": "river_cl_4_045B5C5C.png",
          "value": 0.00639916
        },
        {
          "id": "046E706B",
          "color": "6E706B",
          "image": "river_cl_4_046E706B.png",
          "value": 0.101061
        },
        {
          "id": "047F8261",
          "color": "7F8261",
          "image": "river_cl_4_047F8261.png",
          "value": 0.0198604
        },
        {
          "id": "04868A86",
          "color": "868A86",
          "image": "river_cl_4_04868A86.png",
          "value": 0.201161
        },
        {
          "id": "04A6AAAC",
          "color": "A6AAAC",
          "image": "river_cl_4_04A6AAAC.png",
          "value": 0.046404
        },
        {
          "id": "04AFA594",
          "color": "AFA594",
          "image": "river_cl_4_04AFA594.png",
          "value": 0.596109
        },
        {
          "id": "04D7DCE4",
          "color": "D7DCE4",
          "image": "river_cl_4_04D7DCE4.png",
          "value": 0.0290059
        }
        ]
      }
      ]
    },
    {
      "id": "028FABD5",
      "color": "8FABD5",
      "image": "river_cl_2_028FABD5.png",
      "value": 0.0216598,
      "children": [
      {
        "id": "03839EC2",
        "color": "839EC2",
        "image": "river_cl_3_03839EC2.png",
        "value": 0.0790711,
        "children": [
        {
          "id": "047E9CC9",
          "color": "7E9CC9",
          "image": "river_cl_4_047E9CC9.png",
          "value": 1
        }
        ]
      },
      {
        "id": "0385887F",
        "color": "85887F",
        "image": "river_cl_3_0385887F.png",
        "value": 0.276557,
        "children": [
        {
          "id": "046A7380",
          "color": "6A7380",
          "image": "river_cl_4_046A7380.png",
          "value": 0.264053
        },
        {
          "id": "04868A86",
          "color": "868A86",
          "image": "river_cl_4_04868A86.png",
          "value": 0.298751
        },
        {
          "id": "04A6AAAC",
          "color": "A6AAAC",
          "image": "river_cl_4_04A6AAAC.png",
          "value": 0.209577
        },
        {
          "id": "04AFA594",
          "color": "AFA594",
          "image": "river_cl_4_04AFA594.png",
          "value": 0.22762
        }
        ]
      },
      {
        "id": "039AB6E0",
        "color": "9AB6E0",
        "image": "river_cl_3_039AB6E0.png",
        "value": 0.298148,
        "children": [
        {
          "id": "0499B7E1",
          "color": "99B7E1",
          "image": "river_cl_4_0499B7E1.png",
          "value": 1
        }
        ]
      },
      {
        "id": "03B7C6DC",
        "color": "B7C6DC",
        "image": "river_cl_3_03B7C6DC.png",
        "value": 0.346224,
        "children": [
        {
          "id": "0499B7E1",
          "color": "99B7E1",
          "image": "river_cl_4_0499B7E1.png",
          "value": 0.526053
        },
        {
          "id": "04D7DCE4",
          "color": "D7DCE4",
          "image": "river_cl_4_04D7DCE4.png",
          "value": 0.473947
        }
        ]
      }
      ]
    }
    ]
  },
  {
    "id": "01849BB2",
    "color": "849BB2",
    "image": "river_cl_1_01849BB2.png",
    "value": 0.162336,
    "children": [
    {
      "id": "026D747B",
      "color": "6D747B",
      "image": "river_cl_2_026D747B.png",
      "value": 0.185107,
      "children": [
      {
        "id": "03808F9D",
        "color": "808F9D",
        "image": "river_cl_3_03808F9D.png",
        "value": 0.331027,
        "children": [
        {
          "id": "046A7380",
          "color": "6A7380",
          "image": "river_cl_4_046A7380.png",
          "value": 0.38881
        },
        {
          "id": "046E706B",
          "color": "6E706B",
          "image": "river_cl_4_046E706B.png",
          "value": 0.0802868
        },
        {
          "id": "047F8261",
          "color": "7F8261",
          "image": "river_cl_4_047F8261.png",
          "value": 0.296708
        },
        {
          "id": "0499B7E1",
          "color": "99B7E1",
          "image": "river_cl_4_0499B7E1.png",
          "value": 0.234195
        }
        ]
      },
      {
        "id": "03839EC2",
        "color": "839EC2",
        "image": "river_cl_3_03839EC2.png",
        "value": 0.368034,
        "children": [
        {
          "id": "045B5C5C",
          "color": "5B5C5C",
          "image": "river_cl_4_045B5C5C.png",
          "value": 0.0512308
        },
        {
          "id": "046A7380",
          "color": "6A7380",
          "image": "river_cl_4_046A7380.png",
          "value": 0.128259
        },
        {
          "id": "046E706B",
          "color": "6E706B",
          "image": "river_cl_4_046E706B.png",
          "value": 0.0792988
        },
        {
          "id": "047E9CC9",
          "color": "7E9CC9",
          "image": "river_cl_4_047E9CC9.png",
          "value": 0.191752
        },
        {
          "id": "0489ADE8",
          "color": "89ADE8",
          "image": "river_cl_4_0489ADE8.png",
          "value": 0.54946
        }
        ]
      },
      {
        "id": "0385887F",
        "color": "85887F",
        "image": "river_cl_3_0385887F.png",
        "value": 0.207569,
        "children": [
        {
          "id": "046E706B",
          "color": "6E706B",
          "image": "river_cl_4_046E706B.png",
          "value": 0.779997
        },
        {
          "id": "047F8261",
          "color": "7F8261",
          "image": "river_cl_4_047F8261.png",
          "value": 0.220003
        }
        ]
      },
      {
        "id": "0388A8D9",
        "color": "88A8D9",
        "image": "river_cl_3_0388A8D9.png",
        "value": 0.0933708,
        "children": [
        {
          "id": "047E9CC9",
          "color": "7E9CC9",
          "image": "river_cl_4_047E9CC9.png",
          "value": 1
        }
        ]
      }
      ]
    },
    {
      "id": "02879EBD",
      "color": "879EBD",
      "image": "river_cl_2_02879EBD.png",
      "value": 0.318989,
      "children": [
      {
        "id": "03808F9D",
        "color": "808F9D",
        "image": "river_cl_3_03808F9D.png",
        "value": 0.202083,
        "children": [
        {
          "id": "04868A86",
          "color": "868A86",
          "image": "river_cl_4_04868A86.png",
          "value": 0.163579
        },
        {
          "id": "04879BB3",
          "color": "879BB3",
          "image": "river_cl_4_04879BB3.png",
          "value": 0.689066
        },
        {
          "id": "0499B7E1",
          "color": "99B7E1",
          "image": "river_cl_4_0499B7E1.png",
          "value": 0.147355
        }
        ]
      },
      {
        "id": "03839EC2",
        "color": "839EC2",
        "image": "river_cl_3_03839EC2.png",
        "value": 0.726624,
        "children": [
        {
          "id": "045B5C5C",
          "color": "5B5C5C",
          "image": "river_cl_4_045B5C5C.png",
          "value": 0.00897053
        },
        {
          "id": "047E9CC9",
          "color": "7E9CC9",
          "image": "river_cl_4_047E9CC9.png",
          "value": 0.560631
        },
        {
          "id": "04879BB3",
          "color": "879BB3",
          "image": "river_cl_4_04879BB3.png",
          "value": 0.430398
        }
        ]
      },
      {
        "id": "03B7C6DC",
        "color": "B7C6DC",
        "image": "river_cl_3_03B7C6DC.png",
        "value": 0.0712928,
        "children": [
        {
          "id": "04A6AAAC",
          "color": "A6AAAC",
          "image": "river_cl_4_04A6AAAC.png",
          "value": 0.243265
        },
        {
          "id": "04B0C4E1",
          "color": "B0C4E1",
          "image": "river_cl_4_04B0C4E1.png",
          "value": 0.756735
        }
        ]
      }
      ]
    },
    {
      "id": "02898C87",
      "color": "898C87",
      "image": "river_cl_2_02898C87.png",
      "value": 0.318383,
      "children": [
      {
        "id": "03808F9D",
        "color": "808F9D",
        "image": "river_cl_3_03808F9D.png",
        "value": 0.786259,
        "children": [
        {
          "id": "046E706B",
          "color": "6E706B",
          "image": "river_cl_4_046E706B.png",
          "value": 0.129731
        },
        {
          "id": "047F8261",
          "color": "7F8261",
          "image": "river_cl_4_047F8261.png",
          "value": 0.0185153
        },
        {
          "id": "04868A86",
          "color": "868A86",
          "image": "river_cl_4_04868A86.png",
          "value": 0.250414
        },
        {
          "id": "04879BB3",
          "color": "879BB3",
          "image": "river_cl_4_04879BB3.png",
          "value": 0.400218
        },
        {
          "id": "0489ADE8",
          "color": "89ADE8",
          "image": "river_cl_4_0489ADE8.png",
          "value": 0.0244728
        },
        {
          "id": "0499B7E1",
          "color": "99B7E1",
          "image": "river_cl_4_0499B7E1.png",
          "value": 0.176649
        }
        ]
      },
      {
        "id": "0385887F",
        "color": "85887F",
        "image": "river_cl_3_0385887F.png",
        "value": 0.213741,
        "children": [
        {
          "id": "04868A86",
          "color": "868A86",
          "image": "river_cl_4_04868A86.png",
          "value": 1
        }
        ]
      }
      ]
    },
    {
      "id": "028FABD5",
      "color": "8FABD5",
      "image": "river_cl_2_028FABD5.png",
      "value": 0.147514,
      "children": [
      {
        "id": "0388A8D9",
        "color": "88A8D9",
        "image": "river_cl_3_0388A8D9.png",
        "value": 0.693934,
        "children": [
        {
          "id": "047E9CC9",
          "color": "7E9CC9",
          "image": "river_cl_4_047E9CC9.png",
          "value": 1
        }
        ]
      },
      {
        "id": "039AB6E0",
        "color": "9AB6E0",
        "image": "river_cl_3_039AB6E0.png",
        "value": 0.306066,
        "children": [
        {
          "id": "0499B7E1",
          "color": "99B7E1",
          "image": "river_cl_4_0499B7E1.png",
          "value": 1
        }
        ]
      }
      ]
    },
    {
      "id": "02C2CDDE",
      "color": "C2CDDE",
      "image": "river_cl_2_02C2CDDE.png",
      "value": 0.0300066,
      "children": [
      {
        "id": "03B7C6DC",
        "color": "B7C6DC",
        "image": "river_cl_3_03B7C6DC.png",
        "value": 1,
        "children": [
        {
          "id": "04A6AAAC",
          "color": "A6AAAC",
          "image": "river_cl_4_04A6AAAC.png",
          "value": 0.239843
        },
        {
          "id": "04D7DCE4",
          "color": "D7DCE4",
          "image": "river_cl_4_04D7DCE4.png",
          "value": 0.760157
        }
        ]
      }
      ]
    }
    ]
  },
  {
    "id": "018AA3C9",
    "color": "8AA3C9",
    "image": "river_cl_1_018AA3C9.png",
    "value": 0.309269,
    "children": [
    {
      "id": "026D747B",
      "color": "6D747B",
      "image": "river_cl_2_026D747B.png",
      "value": 0.112504,
      "children": [
      {
        "id": "03545456",
        "color": "545456",
        "image": "river_cl_3_03545456.png",
        "value": 0.0936598,
        "children": [
        {
          "id": "04474B4E",
          "color": "474B4E",
          "image": "river_cl_4_04474B4E.png",
          "value": 0.890567
        },
        {
          "id": "047E9CC9",
          "color": "7E9CC9",
          "image": "river_cl_4_047E9CC9.png",
          "value": 0.109433
        }
        ]
      },
      {
        "id": "03687282",
        "color": "687282",
        "image": "river_cl_3_03687282.png",
        "value": 0.218472,
        "children": [
        {
          "id": "04474B4E",
          "color": "474B4E",
          "image": "river_cl_4_04474B4E.png",
          "value": 0.299458
        },
        {
          "id": "046A7380",
          "color": "6A7380",
          "image": "river_cl_4_046A7380.png",
          "value": 0.248183
        },
        {
          "id": "047E9CC9",
          "color": "7E9CC9",
          "image": "river_cl_4_047E9CC9.png",
          "value": 0.452359
        }
        ]
      },
      {
        "id": "036C7071",
        "color": "6C7071",
        "image": "river_cl_3_036C7071.png",
        "value": 0.087539,
        "children": [
        {
          "id": "046A7380",
          "color": "6A7380",
          "image": "river_cl_4_046A7380.png",
          "value": 0.613127
        },
        {
          "id": "04868A86",
          "color": "868A86",
          "image": "river_cl_4_04868A86.png",
          "value": 0.386873
        }
        ]
      },
      {
        "id": "03808F9D",
        "color": "808F9D",
        "image": "river_cl_3_03808F9D.png",
        "value": 0.552893,
        "children": [
        {
          "id": "045B5C5C",
          "color": "5B5C5C",
          "image": "river_cl_4_045B5C5C.png",
          "value": 0.0283551
        },
        {
          "id": "046A7380",
          "color": "6A7380",
          "image": "river_cl_4_046A7380.png",
          "value": 0.337337
        },
        {
          "id": "047E9CC9",
          "color": "7E9CC9",
          "image": "river_cl_4_047E9CC9.png",
          "value": 0.0656919
        },
        {
          "id": "04868A86",
          "color": "868A86",
          "image": "river_cl_4_04868A86.png",
          "value": 0.264125
        },
        {
          "id": "04879BB3",
          "color": "879BB3",
          "image": "river_cl_4_04879BB3.png",
          "value": 0.221358
        },
        {
          "id": "0499B7E1",
          "color": "99B7E1",
          "image": "river_cl_4_0499B7E1.png",
          "value": 0.0831332
        }
        ]
      },
      {
        "id": "0388A8D9",
        "color": "88A8D9",
        "image": "river_cl_3_0388A8D9.png",
        "value": 0.0474362,
        "children": [
        {
          "id": "047E9CC9",
          "color": "7E9CC9",
          "image": "river_cl_4_047E9CC9.png",
          "value": 1
        }
        ]
      }
      ]
    },
    {
      "id": "02879EBD",
      "color": "879EBD",
      "image": "river_cl_2_02879EBD.png",
      "value": 0.229751,
      "children": [
      {
        "id": "03545456",
        "color": "545456",
        "image": "river_cl_3_03545456.png",
        "value": 0.0205989,
        "children": [
        {
          "id": "04474B4E",
          "color": "474B4E",
          "image": "river_cl_4_04474B4E.png",
          "value": 1
        }
        ]
      },
      {
        "id": "03687282",
        "color": "687282",
        "image": "river_cl_3_03687282.png",
        "value": 0.0325878,
        "children": [
        {
          "id": "046A7380",
          "color": "6A7380",
          "image": "river_cl_4_046A7380.png",
          "value": 0.721475
        },
        {
          "id": "047E9CC9",
          "color": "7E9CC9",
          "image": "river_cl_4_047E9CC9.png",
          "value": 0.278525
        }
        ]
      },
      {
        "id": "03808F9D",
        "color": "808F9D",
        "image": "river_cl_3_03808F9D.png",
        "value": 0.292484,
        "children": [
        {
          "id": "04474B4E",
          "color": "474B4E",
          "image": "river_cl_4_04474B4E.png",
          "value": 0.0451953
        },
        {
          "id": "046A7380",
          "color": "6A7380",
          "image": "river_cl_4_046A7380.png",
          "value": 0.290555
        },
        {
          "id": "047E9CC9",
          "color": "7E9CC9",
          "image": "river_cl_4_047E9CC9.png",
          "value": 0.371085
        },
        {
          "id": "04879BB3",
          "color": "879BB3",
          "image": "river_cl_4_04879BB3.png",
          "value": 0.146123
        },
        {
          "id": "0499B7E1",
          "color": "99B7E1",
          "image": "river_cl_4_0499B7E1.png",
          "value": 0.0556361
        },
        {
          "id": "04AFA594",
          "color": "AFA594",
          "image": "river_cl_4_04AFA594.png",
          "value": 0.0914056
        }
        ]
      },
      {
        "id": "03839EC2",
        "color": "839EC2",
        "image": "river_cl_3_03839EC2.png",
        "value": 0.40604,
        "children": [
        {
          "id": "046A7380",
          "color": "6A7380",
          "image": "river_cl_4_046A7380.png",
          "value": 0.0270195
        },
        {
          "id": "047E9CC9",
          "color": "7E9CC9",
          "image": "river_cl_4_047E9CC9.png",
          "value": 0.508391
        },
        {
          "id": "047F8261",
          "color": "7F8261",
          "image": "river_cl_4_047F8261.png",
          "value": 0.011351
        },
        {
          "id": "04879BB3",
          "color": "879BB3",
          "image": "river_cl_4_04879BB3.png",
          "value": 0.0329039
        },
        {
          "id": "0489ADE8",
          "color": "89ADE8",
          "image": "river_cl_4_0489ADE8.png",
          "value": 0.0282033
        },
        {
          "id": "0499B7E1",
          "color": "99B7E1",
          "image": "river_cl_4_0499B7E1.png",
          "value": 0.337639
        },
        {
          "id": "04B0C4E1",
          "color": "B0C4E1",
          "image": "river_cl_4_04B0C4E1.png",
          "value": 0.0544916
        }
        ]
      },
      {
        "id": "039AB6E0",
        "color": "9AB6E0",
        "image": "river_cl_3_039AB6E0.png",
        "value": 0.109371,
        "children": [
        {
          "id": "04879BB3",
          "color": "879BB3",
          "image": "river_cl_4_04879BB3.png",
          "value": 0.214581
        },
        {
          "id": "0499B7E1",
          "color": "99B7E1",
          "image": "river_cl_4_0499B7E1.png",
          "value": 0.245863
        },
        {
          "id": "04B0C4E1",
          "color": "B0C4E1",
          "image": "river_cl_4_04B0C4E1.png",
          "value": 0.539555
        }
        ]
      },
      {
        "id": "03B7C6DC",
        "color": "B7C6DC",
        "image": "river_cl_3_03B7C6DC.png",
        "value": 0.138919,
        "children": [
        {
          "id": "04879BB3",
          "color": "879BB3",
          "image": "river_cl_4_04879BB3.png",
          "value": 0.226237
        },
        {
          "id": "04AFA594",
          "color": "AFA594",
          "image": "river_cl_4_04AFA594.png",
          "value": 0.0728679
        },
        {
          "id": "04B0C4E1",
          "color": "B0C4E1",
          "image": "river_cl_4_04B0C4E1.png",
          "value": 0.595461
        },
        {
          "id": "04D7DCE4",
          "color": "D7DCE4",
          "image": "river_cl_4_04D7DCE4.png",
          "value": 0.105435
        }
        ]
      }
      ]
    },
    {
      "id": "028FABD5",
      "color": "8FABD5",
      "image": "river_cl_2_028FABD5.png",
      "value": 0.657745,
      "children": [
      {
        "id": "03687282",
        "color": "687282",
        "image": "river_cl_3_03687282.png",
        "value": 0.0215313,
        "children": [
        {
          "id": "046A7380",
          "color": "6A7380",
          "image": "river_cl_4_046A7380.png",
          "value": 1
        }
        ]
      },
      {
        "id": "03808F9D",
        "color": "808F9D",
        "image": "river_cl_3_03808F9D.png",
        "value": 0.039902,
        "children": [
        {
          "id": "046E706B",
          "color": "6E706B",
          "image": "river_cl_4_046E706B.png",
          "value": 0.181312
        },
        {
          "id": "04879BB3",
          "color": "879BB3",
          "image": "river_cl_4_04879BB3.png",
          "value": 0.704455
        },
        {
          "id": "0489ADE8",
          "color": "89ADE8",
          "image": "river_cl_4_0489ADE8.png",
          "value": 0.114233
        }
        ]
      },
      {
        "id": "03839EC2",
        "color": "839EC2",
        "image": "river_cl_3_03839EC2.png",
        "value": 0.14384,
        "children": [
        {
          "id": "046A7380",
          "color": "6A7380",
          "image": "river_cl_4_046A7380.png",
          "value": 0.0476534
        },
        {
          "id": "047E9CC9",
          "color": "7E9CC9",
          "image": "river_cl_4_047E9CC9.png",
          "value": 0.439352
        },
        {
          "id": "04868A86",
          "color": "868A86",
          "image": "river_cl_4_04868A86.png",
          "value": 0.0339891
        },
        {
          "id": "04879BB3",
          "color": "879BB3",
          "image": "river_cl_4_04879BB3.png",
          "value": 0.382017
        },
        {
          "id": "04AFA594",
          "color": "AFA594",
          "image": "river_cl_4_04AFA594.png",
          "value": 0.00679782
        },
        {
          "id": "04B0C4E1",
          "color": "B0C4E1",
          "image": "river_cl_4_04B0C4E1.png",
          "value": 0.0901912
        }
        ]
      },
      {
        "id": "0388A8D9",
        "color": "88A8D9",
        "image": "river_cl_3_0388A8D9.png",
        "value": 0.419549,
        "children": [
        {
          "id": "046A7380",
          "color": "6A7380",
          "image": "river_cl_4_046A7380.png",
          "value": 0.00561461
        },
        {
          "id": "047E9CC9",
          "color": "7E9CC9",
          "image": "river_cl_4_047E9CC9.png",
          "value": 0.261732
        },
        {
          "id": "04868A86",
          "color": "868A86",
          "image": "river_cl_4_04868A86.png",
          "value": 0.0464117
        },
        {
          "id": "0489ADE8",
          "color": "89ADE8",
          "image": "river_cl_4_0489ADE8.png",
          "value": 0.474346
        },
        {
          "id": "0499B7E1",
          "color": "99B7E1",
          "image": "river_cl_4_0499B7E1.png",
          "value": 0.211895
        }
        ]
      },
      {
        "id": "039AB6E0",
        "color": "9AB6E0",
        "image": "river_cl_3_039AB6E0.png",
        "value": 0.332115,
        "children": [
        {
          "id": "047E9CC9",
          "color": "7E9CC9",
          "image": "river_cl_4_047E9CC9.png",
          "value": 0.176396
        },
        {
          "id": "0489ADE8",
          "color": "89ADE8",
          "image": "river_cl_4_0489ADE8.png",
          "value": 0.0241926
        },
        {
          "id": "0499B7E1",
          "color": "99B7E1",
          "image": "river_cl_4_0499B7E1.png",
          "value": 0.632041
        },
        {
          "id": "04B0C4E1",
          "color": "B0C4E1",
          "image": "river_cl_4_04B0C4E1.png",
          "value": 0.16737
        }
        ]
      },
      {
        "id": "03B7C6DC",
        "color": "B7C6DC",
        "image": "river_cl_3_03B7C6DC.png",
        "value": 0.0430626,
        "children": [
        {
          "id": "04B0C4E1",
          "color": "B0C4E1",
          "image": "river_cl_4_04B0C4E1.png",
          "value": 1
        }
        ]
      }
      ]
    }
    ]
  },
  {
    "id": "01A8AEB9",
    "color": "A8AEB9",
    "image": "river_cl_1_01A8AEB9.png",
    "value": 0.0450768,
    "children": [
    {
      "id": "02898C87",
      "color": "898C87",
      "image": "river_cl_2_02898C87.png",
      "value": 0.515734,
      "children": [
      {
        "id": "036C7071",
        "color": "6C7071",
        "image": "river_cl_3_036C7071.png",
        "value": 0.185075,
        "children": [
        {
          "id": "046A7380",
          "color": "6A7380",
          "image": "river_cl_4_046A7380.png",
          "value": 1
        }
        ]
      },
      {
        "id": "03808F9D",
        "color": "808F9D",
        "image": "river_cl_3_03808F9D.png",
        "value": 0.331086,
        "children": [
        {
          "id": "046A7380",
          "color": "6A7380",
          "image": "river_cl_4_046A7380.png",
          "value": 0.332159
        },
        {
          "id": "046E706B",
          "color": "6E706B",
          "image": "river_cl_4_046E706B.png",
          "value": 0.0971026
        },
        {
          "id": "04868A86",
          "color": "868A86",
          "image": "river_cl_4_04868A86.png",
          "value": 0.168102
        },
        {
          "id": "04879BB3",
          "color": "879BB3",
          "image": "river_cl_4_04879BB3.png",
          "value": 0.258418
        },
        {
          "id": "04AFA594",
          "color": "AFA594",
          "image": "river_cl_4_04AFA594.png",
          "value": 0.144218
        }
        ]
      },
      {
        "id": "03A49D8F",
        "color": "A49D8F",
        "image": "river_cl_3_03A49D8F.png",
        "value": 0.483839,
        "children": [
        {
          "id": "046A7380",
          "color": "6A7380",
          "image": "river_cl_4_046A7380.png",
          "value": 0.165223
        },
        {
          "id": "04868A86",
          "color": "868A86",
          "image": "river_cl_4_04868A86.png",
          "value": 0.0594802
        },
        {
          "id": "04A6AAAC",
          "color": "A6AAAC",
          "image": "river_cl_4_04A6AAAC.png",
          "value": 0.313209
        },
        {
          "id": "04AFA594",
          "color": "AFA594",
          "image": "river_cl_4_04AFA594.png",
          "value": 0.357774
        },
        {
          "id": "04D7DCE4",
          "color": "D7DCE4",
          "image": "river_cl_4_04D7DCE4.png",
          "value": 0.104314
        }
        ]
      }
      ]
    },
    {
      "id": "02C2CDDE",
      "color": "C2CDDE",
      "image": "river_cl_2_02C2CDDE.png",
      "value": 0.484266,
      "children": [
      {
        "id": "03B7C6DC",
        "color": "B7C6DC",
        "image": "river_cl_3_03B7C6DC.png",
        "value": 1,
        "children": [
        {
          "id": "04879BB3",
          "color": "879BB3",
          "image": "river_cl_4_04879BB3.png",
          "value": 0.125173
        },
        {
          "id": "04B0C4E1",
          "color": "B0C4E1",
          "image": "river_cl_4_04B0C4E1.png",
          "value": 0.478279
        },
        {
          "id": "04D7DCE4",
          "color": "D7DCE4",
          "image": "river_cl_4_04D7DCE4.png",
          "value": 0.396549
        }
        ]
      }
      ]
    }
    ]
  }
  ]
}